title	views	users	revenue	rpm	top_source	n_sources
더불어민주당 당원가입 신청 바로가기 - 더픽	4136.0	2994.0	636.956944	154.00312959381046	(direct) / (none)	14
무명전설 투표하기 - 더픽	4338.0	2315.0	604.319497	139.30832111572153	(direct) / (none)	6
킹콩티비 무료 사이트 바로가기 - 더픽	35874.0	17576.0	428.9705169999999	11.957699643195628	(direct) / (none)	15
비대면 계좌 개설 바로가기 - 더픽	1638.0	1182.0	410.604051	250.67402380952382	(direct) / (none)	15
국민의힘 탈당방법 가입방법 바로가기 - 더픽	1962.0	1257.0	219.82589800000002	112.04174209989807	m.search.naver.com / referral	9
하스카프베리 묘목 판매처 바로가기 - 더픽	6165.0	3500.0	189.89237500000007	30.80168288726684	(direct) / (none)	13
고유가지원금 민생지원금 3차 신청 바로가기 - 더픽	3984.0	3141.0	164.528336	41.29727309236947	(direct) / (none)	8
블루티비 사이트 주소 링크 바로가기 - 더픽	13398.0	9051.0	152.57979699999996	11.38825175399313	brunch.co.kr / referral	13
2026 고유가 피해지원금 민생지원금 신청 바로가기 - 더픽	3858.0	2896.0	137.744955	35.70372083981337	(direct) / (none)	8
알툴즈 설치 & 다운로드 바로가기 - 더픽	5547.0	5011.0	103.577502	18.672706327744724	(direct) / (none)	9
나는솔로 31기 인스타 모음 - 더픽	36058.0	27244.0	98.310248	2.726447612180376	m.search.naver.com / referral	7
ena 편성표 온에어 바로가기 - 더픽	2167.0	1563.0	81.100767	37.4253654822335	(direct) / (none)	10
예별손해보험 보험금청구 고객센터 바로가기 - 더픽	873.0	703.0	67.217747	76.99627376861399	m.search.naver.com / referral	8
국가유산청 여권 신청 발급 사이트 바로가기 - 더픽	2417.0	1939.0	65.456456	27.08169466280513	(direct) / (none)	4
매일미사 앱 다운로드 - 더픽	354.0	271.0	56.724075	160.2375	(direct) / (none)	5
삼성에어컨 고객센터 바로가기 - 더픽	889.0	730.0	52.73630699999999	59.320930258717645	m.search.naver.com / referral	5
SBTI테스트 바로가기 - 더픽	5078.0	3901.0	50.67137999999999	9.978609688853878	(direct) / (none)	11
MBTI 무료 성격 유형 검사 바로가기 - 더픽	1255.0	971.0	49.165943999999996	39.17605099601593	(direct) / (none)	6
무명전설 출연자 팬카페 리스트 바로가기 - 더픽	398.0	307.0	46.712393000000006	117.36782160804022	(direct) / (none)	5
레버리지 ETF 교육이수 등록 방법: 주문 불가 5분 만에 해결하기 - 더픽	918.0	725.0	45.77102300000001	49.85950217864925	contents.premium.naver.com / referral	10
롯데택배 실시간 배송조회 바로가기 - 더픽	2452.0	2049.0	45.123713	18.40281933115824	(direct) / (none)	7
티머니고 앱 다운로드 - 더픽	429.0	352.0	42.247192	98.47830303030302	(direct) / (none)	8
부동산 매매계약서 양식 다운로드 - 더픽	2335.0	1993.0	39.70670499999999	17.005012847965737	(direct) / (none)	8
케이뱅크 앱 설치 및 다운로드 바로가기 - 더픽	317.0	241.0	39.655246999999996	125.09541640378546	(direct) / (none)	6
케이패스 고객센터 바로가기 - 더픽	1905.0	1540.0	38.092696	19.996165879265092	m.search.naver.com / referral	6
실업급여(구직급여) 신청방법 총정리 — 대상·조건부터 고용24 신청까지 | 생활정보 나침반	2194.0	1375.0	36.224154000000006	16.510553327256158	naver / cpc	16
gs25 편의점택배 배송조회하기 - 더픽	2353.0	1860.0	35.552487	15.10942923926902	(direct) / (none)	8
왕과사는남자 OTT 쿠팡플레이 무료 시청 바로가기 - 더픽	2796.0	2407.0	35.00234000000001	12.518719599427758	(direct) / (none)	5
자리톡 고객센터 바로가기 - 더픽	628.0	526.0	34.894335	55.56422770700637	m.search.naver.com / referral	4
쿠쿠 고객센터 바로가기 - 더픽	831.0	693.0	33.356669	40.140395908543915	(direct) / (none)	5
한일전기 고객센터 as센터 바로가기 - 더픽	843.0	649.0	32.316652000000005	38.335293001186244	(direct) / (none)	5
2026 장마기간 기상청 공식 예보 확인하기 - 더픽	3642.0	3384.0	31.790922000000002	8.728973640856672	(direct) / (none)	10
인삼다당체 가루 추천 바로가기 - 더픽	1064.0	895.0	31.187966000000003	29.311998120300753	m.search.naver.com / referral	5
ezPDF Editor 3.0 다운로드 - 더픽	2137.0	1957.0	29.784423	13.937493214787084	(direct) / (none)	9
틱톡 고객센터 문제신고 바로가기 - 더픽	726.0	540.0	29.743328999999996	40.96877272727272	(direct) / (none)	4
인구감소지역 인구감소특별지역 정리 - 더픽	5072.0	4379.0	28.484437	5.616016758675079	(direct) / (none)	9
비대면 주식 계좌 개설 방법 & 신규 가입 혜택 정리 | 주카 비즈	498.0	440.0	27.238774	54.696333333333335	naver / cpc	12
곰소프트웨어 다운로드 바로가기 - 더픽	2398.0	1980.0	26.924236000000004	11.227788156797333	(direct) / (none)	9
홈쇼핑 편성표 링크 모아보기 - 더픽	499.0	411.0	26.839208	53.785987975951905	(direct) / (none)	6
말자쇼 방청신청 바로가기 - 더픽	675.0	560.0	26.672539999999994	39.514874074074065	(direct) / (none)	6
경남도민생활지원금 신청하기 - 더픽	641.0	471.0	26.493793	41.33197035881435	(direct) / (none)	8
kb국민카드 홈페이지 바로가기 - 더픽	156.0	123.0	25.964986999999997	166.44222435897436	(direct) / (none)	4
헐크티비 스포츠 무료 야구 생중계 링크 주소 바로가기 - 더픽	4808.0	2524.0	25.700855999999998	5.345435940099833	(direct) / (none)	6
정당 온라인 입당 및 탈당 신청 안내 (더불어민주당, 국민의힘 바로가기)	292.0	197.0	25.419900000000002	87.05445205479452	(direct) / (none)	3
고속도로 통행료 미납 정보 총정리 — 하이패스 미납요금 조회·납부 방법 | 주카 비즈	783.0	655.0	25.183479000000002	32.162808429118776	naver / cpc	9
2026 꿈드리미카드 신청하기 - 더픽	577.0	431.0	25.181597999999997	43.64228422876949	(direct) / (none)	4
어카운트인포 앱 설치방법 사용법 인증서 조회 어플 - 더픽	197.0	173.0	24.667112	125.21376649746193	paxnet.co.kr / referral	7
다이슨 고객센터 바로가기 - 더픽	508.0	392.0	24.596587	48.41847834645669	(direct) / (none)	5
한동훈 한컷 바로가기 - 더픽	324.0	197.0	24.525034	75.69454938271605	(direct) / (none)	7
클라쎄 고객센터 바로가기 - 더픽	564.0	439.0	23.430629000000003	41.54366843971632	m.search.naver.com / referral	5
네이버스토어 판매자센터 바로가기 - 더픽	364.0	218.0	22.627917999999998	62.16460989010989	(direct) / (none)	7
BC카드 홈페이지 바로가기 - 더픽	199.0	152.0	21.399161	107.53347236180905	(direct) / (none)	6
교통민원24 과태료조회 바로가기 - 더픽	523.0	443.0	21.238552	40.60908604206501	(direct) / (none)	2
일본 네비게이션 어플 추천 한국어 설치 다운로드 - 더픽	454.0	392.0	20.916000000000007	46.070484581497816	paxnet.co.kr / referral	10
함양 대봉산 모노레일 정보 총정리 — 예약·요금·시간표·주차·반려동반·맛집 | 생활정보 나침반	605.0	342.0	20.732549	34.268676033057844	m.search.naver.com / referral	11
생활안정자금 대출 생활비대출 신청하기 - 더픽	182.0	145.0	20.067391999999998	110.2603956043956	(direct) / (none)	7
21세기 대군부인 ott 다시보기 - 더픽	1071.0	956.0	18.754022	17.51075816993464	(direct) / (none)	4
해랑열차 예약 방법·코스·가격·취소규정 총정리 | 생활정보 나침반	745.0	398.0	18.164814	24.38230067114094	m.search.naver.com / referral	11
무료 스포츠중계 블루티비 - 실시간 고화질 스포츠 중계	4950.0	2843.0	18.055055	3.6474858585858585	(direct) / (none)	3
AIA 생명 보험금 청구 홈페이지 바로가기 - 더픽	244.0	193.0	17.502847000000003	71.73297950819673	m.search.naver.com / referral	7
기초연금 모의계산 및 신청 방법 총정리 — 대상·지급액·국민연금과 차이 | 생활정보 나침반	752.0	445.0	17.141370000000002	22.794375000000002	naver / cpc	10
nh농협카드 홈페이지 바로가기 - 더픽	130.0	114.0	16.826671	129.43593076923077	(direct) / (none)	1
국민성장펀드 출시일 가입방법 가입조건 소득공제 - 더픽	334.0	282.0	16.508929000000002	49.427931137724556	(direct) / (none)	5
원기날씨 앱 정확도 설치 위젯 기상청 설치 및 다운로드 - 더픽	139.0	112.0	16.426399999999997	118.17553956834531	paxnet.co.kr / referral	11
동서울터미널 예매 어플 시간표 확인 예매하기 - 더픽	285.0	229.0	16.415021	57.5965649122807	(direct) / (none)	7
삼성전자서비스센터 고객센터 바로가기 - 더픽	356.0	305.0	16.166022	45.41017415730337	(direct) / (none)	1
lg가전 서비스센터 전화번호 예약 이전설치 정리 - 더픽	511.0	443.0	15.882594	31.081397260273974	(direct) / (none)	4
네이버 밴드 앱 다운로드 - 더픽	121.0	101.0	15.454357	127.72195867768596	(direct) / (none)	3
반디소프트 다운로드 바로가기 - 더픽	1740.0	1595.0	15.420338	8.862263218390805	(direct) / (none)	6
예다함 고객센터 바로가기 - 더픽	200.0	163.0	15.320390000000002	76.60195	m.search.naver.com / referral	3
무명전설 전국투어 콘서트 티켓 예매 바로가기 - 더픽	175.0	111.0	15.017655	85.81517142857142	(direct) / (none)	7
보이스피싱 번호조회 후후 경찰청시스템 바로가기 - 더픽	911.0	739.0	15.001394	16.466952799121845	(direct) / (none)	7
CJ대한통운 택배조회 고객센터 전화번호 - 더픽	1879.0	1622.0	14.833449	7.894331559340075	(direct) / (none)	6
대만 복권 당첨 확인 바로가기 - 더픽	763.0	610.0	14.818879	19.42185976408912	m.search.naver.com / referral	7
텔레그램 pc버전 다운로드 - 더픽	516.0	474.0	14.197501	27.514536821705427	(direct) / (none)	7
자동차세납부·자동차세환급·자동차세납부조회 한 번에 정리 (위택스 기준) | 생활정보 나침반	922.0	495.0	14.075015000000002	15.265742950108462	m.search.naver.com / referral	11
피망 바둑 다운로드 바로가기 - 더픽	79.0	67.0	14.051286999999999	177.86439240506328	(direct) / (none)	4
종합소득세 신고 국세청 홈택스 바로가기 - 더픽	183.0	154.0	13.918403	76.05684699453552	(direct) / (none)	2
노란우산 고객센터 바로가기 - 더픽	174.0	145.0	13.806875	79.34985632183908	m.search.naver.com / referral	6
가평 청리움 예약 방법 숙소 가격 사이트 바로가기 - 더픽	190.0	158.0	13.721425000000002	72.21802631578949	playtherapy.or.kr / referral	11
한국도로공사 다자녀 등록 통행료 감면 바로가기 - 더픽	361.0	292.0	13.709244	37.97574515235457	playtherapy.or.kr / referral	5
경동택배 배송조회 방문수거 바로가기 - 더픽	942.0	822.0	13.289101	14.107325902335457	(direct) / (none)	5
롯데손해보험 보험금 청구 및 실비서류 조회하기 - 더픽	247.0	213.0	12.752952	51.63138461538462	(direct) / (none)	4
공영홈쇼핑 고객센터 전화번호 운영시간 상담사연결 바로가기 - 더픽	165.0	132.0	12.305492999999998	74.57874545454544	(direct) / (none)	5
투쿨포스쿨 아울렛 매장 세일 바로가기 - 더픽	1286.0	1036.0	12.242832000000002	9.520087091757388	contents.premium.naver.com / referral	4
2026 고유가 피해지원금 잔액조회 잔액부족 확인하기 - 더픽	469.0	398.0	12.189469	25.990339019189765	m.search.naver.com / referral	6
가평청리움 예약 방법 총정리 — 가격·예약사이트·취소·확인까지 | 생활정보 나침반	413.0	253.0	12.051969	29.181523002421308	naver / cpc	9
현대홈쇼핑 편성표 및 라이브 고객센터 바로가기 - 더픽	407.0	354.0	11.801172	28.9955085995086	(direct) / (none)	7
구글페이먼트코리아 고객센터 전화번호 영업시간 상담원연결 - 더픽	221.0	168.0	11.754353	53.18711764705882	(direct) / (none)	5
사직서 양식 무료 다운로드 hwp pdf - 더픽	1288.0	1196.0	11.745462999999999	9.119148291925466	naver / organic	7
삼성전자 감사제 페스티벌 온누리상품권 환급 신청 방법 구매처 혜택 - 더픽	399.0	357.0	11.669182	29.246070175438593	(direct) / (none)	8
보험비교사이트 바로가기 - 더픽	150.0	128.0	11.357355	75.7157	(direct) / (none)	3
버스·지하철 실시간 시간·노선 정보 확인하는 법 — 카카오버스·티머니GO 비교 | 주카 비즈	538.0	489.0	11.348448	21.093769516728624	m.search.naver.com / referral	10
딤채 서비스센터 as 센터 고객센터 바로가기 - 더픽	189.0	154.0	11.248142	59.51397883597884	(direct) / (none)	4
농협공판장 온라인 경매 플랫폼 바로가기 - 더픽	122.0	92.0	11.109924	91.06495081967213	(direct) / (none)	5
노령연금신청 방법·나이·필요서류 총정리 | 생활정보 나침반	456.0	245.0	11.002308000000001	24.127868421052632	m.search.naver.com / referral	7
OK저축은행 고객센터 앱 다운로드 바로가기 - 더픽	186.0	147.0	10.863309	58.40488709677419	(direct) / (none)	2
티머니GO 앱 다운로드 & 버스·따릉이·택시 통합 이용법 | 주카 비즈	346.0	290.0	10.680323	30.867985549132946	m.search.naver.com / referral	10
현대해상 다이렉트 하이카 긴급출동 전화번호 고객센터 바로가기 - 더픽	297.0	224.0	10.649655999999998	35.8574276094276	m.search.naver.com / referral	4
연명치료 거부 신청 방법 신청기관 찾기(+사전연명의료의향서) - 더픽	175.0	146.0	10.582832	60.473325714285714	(direct) / (none)	4
위택스 고객센터 바로가기 - 더픽	460.0	405.0	10.523885	22.878010869565216	m.search.naver.com / referral	6
현대해상 실버보험 보험금 청구 바로가기 - 더픽	99.0	85.0	10.259437	103.63067676767677	(direct) / (none)	2
견적서 양식 무료 다운로드 엑셀 한글 워드 pdf - 더픽	871.0	801.0	10.231895	11.747296211251436	(direct) / (none)	9
스타벅스 카드 잔액조회 앱 다운로드 바로가기 - 더픽	222.0	181.0	10.194217000000002	45.9198963963964	(direct) / (none)	5
동물등록증 발급 신청방법 기관 비용 조회 정부24 바로가기 - 더픽	295.0	244.0	9.922533	33.63570508474576	(direct) / (none)	5
라이나 손해보험 고객센터 바로가기 - 더픽	229.0	199.0	9.88465	43.16441048034935	m.search.naver.com / referral	4
알리안츠생명 고객센터 바로가기 - 더픽	177.0	149.0	9.853205	55.66782485875707	m.search.naver.com / referral	4
네이버 지도 앱 다운로드 바로가기 - 더픽	162.0	144.0	9.724355	60.02688271604938	(direct) / (none)	5
케이옥션 홈페이지 바로가기 - 더픽	264.0	222.0	9.660393000000001	36.59239772727273	m.search.naver.com / referral	5
한진택배 배송조회 실시간 위치 확인 및 토요일 배송 - 더픽	622.0	542.0	9.658904999999999	15.528786173633438	(direct) / (none)	6
2026 숙박세일페스타 쿠폰발급 바로가기 - 더픽	342.0	274.0	9.619658000000001	28.127654970760236	(direct) / (none)	2
매일미사 어플 정보 총정리 — 사용법·비교·후기 | 주카 비즈	186.0	138.0	9.517907000000001	51.17154301075269	m.search.naver.com / referral	12
피망뉴맞고 머니 파는 법 로그아웃 추천인코드 pc 설치 바로가기 - 더픽	205.0	190.0	9.465259	46.17199512195122	m.search.naver.com / referral	4
네이버 고객센터 바로가기 - 더픽	203.0	171.0	9.269034	45.660266009852215	(direct) / (none)	2
카카오버스 앱 다운로드 - 더픽	76.0	64.0	9.183443	120.83477631578948	(direct) / (none)	5
문자나라 바로가기 - 더픽	404.0	350.0	9.151144	22.651346534653467	(direct) / (none)	3
한컴오피스 2020 무료설치 다운로드 후기 - 더픽	660.0	558.0	9.072365000000001	13.746007575757577	(direct) / (none)	9
한국도로공사 미납 고속도로통행료미납 하이패스 미납 통행료미납조회 - 더픽	232.0	178.0	8.963719999999999	38.636724137931026	naver / cpc	7
유튜브 리밴스드 다운로드 및 설치방법 바로가기 - 더픽	2501.0	1644.0	8.954135999999998	3.580222311075569	(direct) / (none)	11
어카운트인포 계좌 지급정지·안심차단 신청방법 총정리 — 보이스피싱 예방 | 생활정보 나침반	392.0	219.0	8.899799000000002	22.703568877551024	m.search.naver.com / referral	8
마운자로 가격 비교 사이트 어플 처방 효과 - 더픽	280.0	249.0	8.812946	31.474807142857145	(direct) / (none)	7
삼천리 도시가스 고객센터 번호 및 이사/요금/긴급신고 - 더픽	373.0	323.0	8.782602	23.545849865951745	(direct) / (none)	4
나는솔로 32기 인스타 모음 - 더픽	4882.0	4130.0	8.711607	1.784434043424826	paxnet.co.kr / referral	10
타이젬 바둑 설치앱 무료 대국실 접속 바로가기 - 더픽	70.0	60.0	8.704023999999999	124.34319999999998	(direct) / (none)	3
대신택배 배송조회 방법 실시간 위치 추적 - 더픽	406.0	336.0	8.511116	20.96333990147783	(direct) / (none)	3
팟플레이어 다운로드 바로가기 - 더픽	765.0	683.0	8.450079	11.045854901960785	(direct) / (none)	6
티머니 고객센터 전화번호 상담원 연결 바로가기 - 더픽	342.0	299.0	8.431695	24.65407894736842	(direct) / (none)	6
2026 황금사자기 야구 중계 일정 대진표 바로가기 - 더픽	193.0	165.0	8.415417	43.60319689119171	(direct) / (none)	4
가생이닷컴 홈페이지 바로가기 - 더픽	899.0	461.0	8.347674	9.285510567296996	m.search.naver.com / referral	6
무료 웹툰 사이트 바로가기 네이버웹툰 카카오웹툰 리디웹툰 - 더픽	2057.0	1284.0	8.322551999999998	4.045965969859017	(direct) / (none)	7
티머니GO 앱 다운로드·사용법 총정리 — 설치부터 삼성페이 연동까지 | 생활정보 나침반	327.0	195.0	8.248613	25.22511620795107	naver / cpc	8
실손24 보험청구 바로가기 - 더픽	98.0	93.0	8.190978999999999	83.58141836734693	m.search.naver.com / referral	4
오늘의 실시간 금시세 조회하기 - 더픽	474.0	409.0	8.164677	17.225056962025317	(direct) / (none)	4
공시지가 이의신청 개별지 공동주택 공시지가 이의신청 바로가기 - 더픽	181.0	153.0	8.10716	44.79093922651934	(direct) / (none)	4
2026 고유가 피해지원금 민생지원금 신청 방법 안내 - 더픽	396.0	332.0	8.09701	20.446994949494947	(direct) / (none)	3
에너지바우처 신청 대상 잔액조회 사용기간 사용처 - 더픽	500.0	445.0	8.032019	16.064038	m.blog.naver.com / referral	11
블루밍비데 as센터 바로가기 - 더픽	267.0	218.0	7.9984980000000006	29.95692134831461	m.search.naver.com / referral	5
로젠택배 배송조회 바로가기 - 더픽	345.0	292.0	7.880594	22.84230144927536	(direct) / (none)	5
우체국 우편물 주소변경 이사 무료 서비스 신청 - 더픽	153.0	118.0	7.851575999999999	51.317490196078424	(direct) / (none)	5
OK캐쉬백 앱 설치 다운로드 바로가기 - 더픽	255.0	70.0	7.708973	30.23126666666667	(direct) / (none)	4
AXA손해보험 고객센터 바로가기 - 더픽	145.0	133.0	7.622716	52.570455172413794	m.search.naver.com / referral	5
국민비서 앱 알림서비스 어플 설치 다운로드 방법 2026 - 더픽	79.0	68.0	7.5883780000000005	96.05541772151899	(direct) / (none)	3
하나증권 고객센터 전화번호 영업시간 상담원연결 바로가기 - 더픽	240.0	216.0	7.548056	31.450233333333333	m.search.naver.com / referral	4
이스타항공 고객센터 바로가기 - 더픽	345.0	282.0	7.451207999999999	21.597704347826085	m.search.naver.com / referral	4
제주도청 홈페이지 바로가기 - 더픽	139.0	120.0	7.346565999999999	52.852992805755385	m.search.naver.com / referral	4
넷마블 바둑 장기 pc 설치 모바일 바로가기 - 더픽	65.0	51.0	7.25267	111.57953846153846	(direct) / (none)	2
sk엔카 고객센터 전화번호 상담원 연결 바로가기 - 더픽	206.0	161.0	7.22663	35.080728155339806	paxnet.co.kr / referral	7
고혼진 화장품 매장 위치 구매 바로가기 - 더픽	125.0	105.0	7.1382270000000005	57.105816000000004	m.search.naver.com / referral	4
기상청 날씨누리 바로가기 - 더픽	237.0	208.0	6.947414	29.31398312236287	(direct) / (none)	5
나는솔로 30기 인스타 모음 - 더픽	2172.0	1708.0	6.93704	3.1938489871086557	m.search.naver.com / referral	6
알리페이 고객센터 바로가기 - 더픽	550.0	426.0	6.9280040000000005	12.59637090909091	m.search.naver.com / referral	5
돌싱n모솔 출연자 인스타 총정리 - 더픽	2725.0	2265.0	6.896923	2.530980917431193	(direct) / (none)	5
생태맘 청국장가루 예약 방법 홈페이지 바로가기 - 더픽	71.0	51.0	6.889158999999999	97.03040845070423	(direct) / (none)	3
캐리어에어컨 고객센터 바로가기 - 더픽	189.0	156.0	6.809398000000001	36.02856084656085	(direct) / (none)	5
지방선거 알바 2026 신청 방법 자격 일당 - 더픽	621.0	490.0	6.7013490000000004	10.791222222222222	(direct) / (none)	6
한국 월드컵 일정 중계 보는법 시간 무료 중계 바로가기 - 더픽	174.0	157.0	6.693868	38.47050574712644	(direct) / (none)	4
웅진코웨이 고객센터 - 더픽	211.0	185.0	6.613982999999999	31.34589099526066	(direct) / (none)	5
유플러스멤버십 혜택 바로가기 - 더픽	352.0	317.0	6.598721	18.74636647727273	(direct) / (none)	8
에어비앤비 고객센터 바로가기 - 더픽	449.0	370.0	6.542776999999999	14.571886414253896	m.search.naver.com / referral	4
스피또 판매점 조회 검색하기 - 더픽	1864.0	1402.0	6.54102	3.5091309012875533	(direct) / (none)	7
ns홈쇼핑 고객센터 바로가기 - 더픽	74.0	57.0	6.520288	88.112	(direct) / (none)	2
무료 웹툰 사이트 모음 바로가기 - 더픽	1413.0	982.0	6.520138	4.614393489030432	(direct) / (none)	6
리바트 고객센터 바로가기 - 더픽	197.0	164.0	6.517265999999999	33.08256852791878	(direct) / (none)	5
국민신문고 고유가 이의신청 이의제기 바로가기 - 더픽	111.0	87.0	6.458686	58.18636036036036	contents.premium.naver.com / referral	3
삼성화재 고객센터 바로가기 - 더픽	144.0	125.0	6.319515	43.88552083333333	(direct) / (none)	4
안전신문고 바로가기 - 더픽	80.0	70.0	6.206506	77.581325	(direct) / (none)	2
한글 2024 무료설치 다운로드 방법 바로가기 - 더픽	1154.0	997.0	6.1667819999999995	5.343831889081455	(direct) / (none)	8
한국투자증권 한투 앱 다운로드 - 더픽	93.0	82.0	6.071956	65.28984946236558	(direct) / (none)	3
함양 대봉산 모노레일 예약 방법 요금 코스 총정리 - 더픽	76.0	61.0	5.940461	78.16396052631579	(direct) / (none)	7
중위소득표(소득 하위) 구간별 환산액 - 더픽	1429.0	1237.0	5.933123	4.151940517844646	(direct) / (none)	7
오늘 방송 편성표 총정리｜지상파·종편·케이블·라디오 전체보기 링크 모음 (실시간 업데이트) - 더픽	608.0	454.0	5.926242000000001	9.74710855263158	bing / organic	15
개별공시지가 조회 방법 총정리 — 표준지·주택가격과의 차이까지 | 주카 비즈	238.0	200.0	5.918746	24.868680672268905	naver / cpc	4
기대수명 계산기로 나의 예상 수명 확인하기 | 무료 온라인 테스트 - 더픽	347.0	272.0	5.911134999999999	17.034971181556195	m.search.naver.com / referral	4
대우전자 서비스센터 바로가기 - 더픽	128.0	97.0	5.854208	45.736	(direct) / (none)	2
레버리지 ETF 교육(금융투자교육원) 신청부터 이수번호 등록까지 총정리 | 주카 비즈	96.0	84.0	5.83686	60.800625	naver / cpc	3
금융취약계층 생계자금 대출 신청하기 - 더픽	95.0	75.0	5.825743	61.32361052631579	(direct) / (none)	1
어디가니 늑구맵 바로가기 - 더픽	1816.0	764.0	5.784064	3.185057268722467	(direct) / (none)	3
시몬스침대 고객센터 바로가기 - 더픽	424.0	348.0	5.663102	13.356372641509434	m.search.naver.com / referral	5
강아지 사료등급 사이트 추천 강아지 사료 브랜드 순위 | 도그푸드어드바이저 - 더픽	469.0	412.0	5.635966	12.016985074626865	m.search.naver.com / referral	4
쿠첸 고객센터 바로가기 - 더픽	126.0	97.0	5.620926	44.610523809523805	(direct) / (none)	5
레딜 전자담배 판매점 구매처 바로가기 - 더픽	153.0	130.0	5.61824	36.720522875817	m.search.naver.com / referral	4
소방안전관리자2급 접수 일정 기출문제 정리 - 더픽	181.0	147.0	5.577989	30.81761878453038	(direct) / (none)	2
무료스포츠중계 킹콩티비 - 실시간 고화질 스포츠 중계	1581.0	1043.0	5.558366	3.5157280202403545	(direct) / (none)	2
대한항공 고객센터 바로가기 - 더픽	124.0	90.0	5.513953	44.467362903225805	(direct) / (none)	4
한샘 고객센터 서비스센터 전화번호 바로가기 - 더픽	177.0	154.0	5.51381	31.151468926553676	(direct) / (none)	1
유니클로 감사제 2026 세일 품목 이벤트 기간 바로가기 - 더픽	448.0	406.0	5.5095719999999995	12.298151785714284	contents.premium.naver.com / referral	3
마이너스통장 개설 신청하기 - 더픽	97.0	80.0	5.440852	56.091257731958756	(direct) / (none)	4
cu편의점택배 배송조회 고객센터 바로가기 - 더픽	422.0	365.0	5.414108	12.82963981042654	(direct) / (none)	7
마누스 ai 무료 98% 할인 앱 다운로드 바로가기 - 더픽	526.0	407.0	5.39233	10.25157794676806	(direct) / (none)	5
지방선거 개표참관인 신청방법 기간 신청자격 총정리 - 더픽	374.0	324.0	5.346245	14.294772727272727	(direct) / (none)	3
우체국 택배 방문접수 하기 - 더픽	228.0	209.0	5.307127	23.276872807017547	(direct) / (none)	1
서울 지하철노선도 바로가기 - 더픽	242.0	202.0	5.280181000000001	21.81892975206612	(direct) / (none)	5
IBK기업은행 홈페이지 바로가기 - 더픽	48.0	37.0	5.191966	108.16595833333332	(direct) / (none)	1
kbs 편성표 라이브 온에어 바로가기 - 더픽	318.0	273.0	5.164718999999999	16.24125471698113	contents.premium.naver.com / referral	5
K패스환급 지급일·카드사별 지급방식 총정리 | 생활정보 나침반	283.0	125.0	5.1289240000000005	18.123406360424028	m.search.naver.com / referral	7
신한라이프 운세 바로가기 - 더픽	325.0	266.0	5.047878	15.531932307692307	(direct) / (none)	5
키움증권 레버리지 ETF 교육이수 등록 방법: 주문 불가 5분 만에 해결하기 - 더픽	355.0	301.0	4.999985000000001	14.084464788732397	m.search.naver.com / referral	7
경동나비엔 고객센터 as센터 전화번호 시간 - 더픽	130.0	111.0	4.959576	38.150584615384616	(direct) / (none)	1
옥션 고객센터 바로가기 - 더픽	139.0	107.0	4.941523	35.550525179856116	m.search.naver.com / referral	4
손목닥터 포인트 사용법 전환 - 더픽	42.0	36.0	4.87054	115.96523809523809	(direct) / (none)	2
KB손해보험 고객센터 바로가기 - 더픽	113.0	93.0	4.86539	43.05654867256637	m.search.naver.com / referral	3
지상파 라디오 편성표 - 더픽	348.0	284.0	4.843833999999999	13.919063218390802	m.blog.naver.com / referral	6
신일전자 AS센터 이용 완벽 가이드: 전화번호, 영업시간, 상담원 연결 팁 - 더픽	174.0	141.0	4.714747	27.096247126436783	(direct) / (none)	2
테무 고객센터 바로가기 - 더픽	49.0	30.0	4.707066	96.06257142857143	(direct) / (none)	2
KFC 할인 앱 어플 설치 다운로드 쿠폰 배달 - 더픽	130.0	117.0	4.688467	36.06513076923077	(direct) / (none)	5
에이스침대 고객센터 바로가기 - 더픽	229.0	219.0	4.657688	20.339248908296945	m.search.naver.com / referral	4
넷마블 바둑·장기 정보 총정리 — 설치·오류 해결부터 표준장기룰까지 | 주카 비즈	185.0	165.0	4.633368	25.04523243243243	bing / organic	8
2026 프로야구 개막전 중계 바로가기 - 더픽	90.0	65.0	4.606106	51.178955555555554	(direct) / (none)	2
라이나 고객센터 바로가기 - 더픽	86.0	70.0	4.585346	53.31797674418605	(direct) / (none)	3
로보락 고객센터 AS 접수 및 위치 조회하기 - 더픽	145.0	123.0	4.544489	31.341303448275863	(direct) / (none)	5
앱플레이어 다운로드 - 더픽	418.0	318.0	4.532568	10.843464114832537	(direct) / (none)	3
국민연금 실버론 대출 신청 바로가기 - 더픽	44.0	38.0	4.531761	102.9945681818182	(direct) / (none)	3
삼성카드 포인트 전환 사용처 바로가기 - 더픽	107.0	95.0	4.446393	41.55507476635513	(direct) / (none)	6
중고나라 고객센터 바로가기 - 더픽	184.0	150.0	4.3944350000000005	23.88279891304348	(direct) / (none)	2
삼성닷컴 앱 다운로드 - 더픽	66.0	53.0	4.330344	65.61127272727272	(direct) / (none)	3
롯데카드 홈페이지 바로가기 - 더픽	62.0	46.0	4.308331	69.48920967741935	(direct) / (none)	1
대한노인회 사이트 바로가기 - 더픽	75.0	59.0	4.151438	55.35250666666666	(direct) / (none)	3
SBS 온에어 편성표 바로가기 - 더픽	142.0	120.0	4.142973	29.175866197183094	(direct) / (none)	3
티빙 개인정보 유출 소송 법무법인 바로가기 - 더픽	3224.0	1566.0	4.138565	1.2836740074441686	(direct) / (none)	7
기초연금 모의계산 및 신청 방법 - 더픽	88.0	77.0	4.113846	46.74825	naver / cpc	4
산업안전포털 홈페이지 바로가기 - 더픽	87.0	70.0	4.098711000000001	47.11162068965518	(direct) / (none)	4
나스닥100선물지수 실시간 차트 바로가기 - 더픽	185.0	169.0	4.07281	22.015189189189186	m.search.naver.com / referral	6
NH투자증권 고객센터 전화번호 상담원연결 영업시간 바로가기 - 더픽	132.0	121.0	4.028275	30.517234848484847	m.search.naver.com / referral	4
HP프린터 드라이버 다운로드 바로가기 - 더픽	293.0	265.0	4.015525	13.704863481228669	(direct) / (none)	3
한일의료기 as센터 바로가기 - 더픽	111.0	86.0	3.980987	35.86474774774775	m.search.naver.com / referral	3
지적도 발급·조회 방법 총정리 — 동사무소 비용부터 CAD 다운로드까지 | 주카 비즈	113.0	101.0	3.952297	34.976079646017695	naver / cpc	2
현대 시승 신청 드라이빙 라운지 예약 방법 - 더픽	69.0	57.0	3.9166540000000003	56.76310144927536	(direct) / (none)	3
한글 뷰어 hwp hwpx 다운로드 바로가기 - 더픽	184.0	166.0	3.881397	21.09454891304348	naver / cpc	9
어카운트인포 계좌통합조회·휴면계좌 조회 방법 총정리 | 생활정보 나침반	148.0	76.0	3.8766039999999995	26.193270270270265	naver / cpc	9
신한카드 고객센터 바로가기 - 더픽	38.0	33.0	3.8764739999999995	102.01247368421052	(direct) / (none)	3
주휴수당계산기 사용법 총정리 (2026년 최저시급 기준) | 생활정보 나침반	674.0	339.0	3.8536200000000003	5.717537091988131	m.search.naver.com / referral	9
병역명문가 신청 및 조회하기 - 더픽	168.0	147.0	3.8492870000000003	22.91242261904762	(direct) / (none)	4
국세청 홈택스 손택스 앱 설치 및 다운로드 - 더픽	33.0	30.0	3.826711	115.9609393939394	(direct) / (none)	4
2026년 경제총조사 홈페이지 바로가기 - 더픽	29.0	21.0	3.725732	128.4735172413793	(direct) / (none)	5
국민성장펀드 가입조건 방법 출시 가입 바로가기 - 더픽	186.0	144.0	3.6547940000000003	19.649430107526882	contents.premium.naver.com / referral	5
비즈넵 고객센터 바로가기 - 더픽	55.0	41.0	3.654301	66.44183636363636	(direct) / (none)	1
한국 출발 국제선 국내선 유류할증료 바로가기 - 더픽	343.0	333.0	3.649539	10.640055393586005	(direct) / (none)	4
페이팔 고객센터 바로가기 - 더픽	214.0	190.0	3.645441	17.034771028037383	m.search.naver.com / referral	4
릴(lil) as센터 고객센터 바로가기 - 더픽	312.0	277.0	3.6247749999999996	11.617868589743589	m.search.naver.com / referral	5
뱅크샐러드 세금환급 조회 및 어플 다운로드 - 더픽	77.0	69.0	3.6081169999999996	46.85866233766233	m.search.naver.com / referral	4
MLB 중계 메이저리그 중계 바로가기 - 더픽	94.0	76.0	3.5527730000000006	37.79545744680852	(direct) / (none)	4
월드컵 일정 중계 보는법 시간 무료 중계 바로가기 - 더픽	91.0	83.0	3.545322	38.95958241758242	contents.premium.naver.com / referral	6
비플페이 가맹점 사용처 찾기 - 더픽	176.0	151.0	3.542255	20.126448863636362	m.search.naver.com / referral	4
꽃이름 식물이름 찾는 어플 다운로드 - 더픽	36.0	31.0	3.537512	98.26422222222223	(direct) / (none)	2
캐리어에어컨 사전점검 신청 바로가기 - 더픽	186.0	136.0	3.531631	18.987263440860215	(direct) / (none)	2
라이엇 고객센터 바로가기 - 더픽	483.0	418.0	3.5199819999999997	7.28774741200828	m.search.naver.com / referral	4
현대해상 고객센터 전화번호 긴급출동 상담원 연결 - 더픽	69.0	63.0	3.504048	50.78330434782609	(direct) / (none)	2
필립스 서비스센터 전화번호 영업시간 고객센터 바로가기 완벽 가이드 - 더픽	177.0	139.0	3.500754	19.77827118644068	(direct) / (none)	2
메트라이프 고객센터 바로가기 - 더픽	71.0	59.0	3.493167	49.19953521126761	m.search.naver.com / referral	3
하이드레이션 뜻 하이드레이션 브레이크 의미 - 더픽	816.0	755.0	3.4780759999999997	4.262348039215686	m.search.naver.com / referral	4
유튜브 음원추출 사이트 y2mate mp3 변환 - 더픽	581.0	450.0	3.423678	5.892733218588641	(direct) / (none)	12
포켓멍센터 주소 위치 봉사 홈페이지 인스타그램 바로가기 - 더픽	113.0	98.0	3.4174930000000003	30.243300884955755	m.search.naver.com / referral	4
강원도청 홈페이지 바로가기 - 더픽	48.0	42.0	3.416074	71.16820833333333	m.search.naver.com / referral	4
채널A 온에어 라이브 편성표 바로가기 - 더픽	103.0	86.0	3.4015180000000003	33.024446601941754	(direct) / (none)	3
해랑열차 예약 가격 코스 후기 4인실 2인 가격 일정 2인실 예약 사이트 바로가기 - 더픽	98.0	78.0	3.3795809999999995	34.48552040816326	(direct) / (none)	9
발로란트 환불 받는 법 정책 기준 신청 사이트 - 더픽	253.0	198.0	3.334546	13.18002371541502	(direct) / (none)	8
옥션 판매자센터 ESM Plus 바로가기 - 더픽	159.0	116.0	3.3217220000000003	20.891333333333336	naver / organic	4
원기날씨 정보 비교 총정리 — 기상청 날씨알리미·날씨누리 차이 | 주카 비즈	236.0	226.0	3.3001290000000005	13.98359745762712	m.search.naver.com / referral	8
2026 디즈니런 접수 신청 방법 인천 참가 마라톤 일정 입장권 - 더픽	320.0	289.0	3.2796220000000003	10.248818750000002	contents.premium.naver.com / referral	9
이상준쇼 예매 일정 티켓링크 바로가기 - 더픽	188.0	164.0	3.242341	17.246494680851065	(direct) / (none)	5
실업급여 계산기 수급 대상 조건 안내 - 더픽	173.0	140.0	3.239926	18.727895953757226	(direct) / (none)	4
건강보험료 조회 하는법 모바일 방법 날짜 가족 납부 - 더픽	139.0	122.0	3.219475	23.161690647482015	(direct) / (none)	4
K패스 등록 발급방법 기간 은행 등록방법 기준 조건 - 더픽	100.0	95.0	3.187259	31.87259	m.search.naver.com / referral	5
삼성카드 고객센터 상담원연결 바로가기 - 더픽	69.0	59.0	3.1846050000000004	46.15369565217392	(direct) / (none)	5
띠별 오늘의 운세 바로가기 - 더픽	151.0	128.0	3.174618	21.023960264900662	(direct) / (none)	1
sk하이닉스 방문예약 바로가기 - 더픽	144.0	117.0	3.171065	22.021284722222223	m.search.naver.com / referral	5
SK텔링크 고객센터 바로가기 - 더픽	122.0	109.0	3.169931	25.983040983606557	m.search.naver.com / referral	4
공무원연금공단 바로가기 - 더픽	68.0	55.0	3.126309	45.97513235294118	m.blog.naver.com / referral	9
tvN편성표 tvNstory편성표 tvNsports편성표 온에어 실시간 라이브 바로가기 - 더픽	246.0	203.0	3.122647	12.693686991869919	(direct) / (none)	6
삼성전자 포인트 현금전환 바로가기 - 더픽	224.0	195.0	3.1161770000000004	13.911504464285716	(direct) / (none)	4
내 주변 ATM 위치 조회하기 - 더픽	259.0	227.0	3.091706	11.937088803088802	(direct) / (none)	3
대림바스 고객센터 AS센터 바로가기 - 더픽	121.0	112.0	3.071306	25.382694214876032	m.search.naver.com / referral	6
에어부산 고객센터 바로가기 - 더픽	219.0	192.0	3.06473	13.994200913242008	(direct) / (none)	3
고용노동부 고객센터 고객상담 인터넷 상담 채팅상담 바로가기 - 더픽	81.0	70.0	3.063828	37.82503703703704	(direct) / (none)	3
교보문고 고객센터 전화번호 및 환불·반품 방법 총정리 - 더픽	249.0	216.0	3.0323339999999996	12.178048192771083	m.search.naver.com / referral	5
일룸 고객센터 바로가기 - 더픽	236.0	206.0	3.0238230000000006	12.812809322033901	(direct) / (none)	4
수협은행 고객센터 전화번호 영업시간 홈페이지 바로가기 - 더픽	108.0	92.0	3.005161	27.82556481481482	m.search.naver.com / referral	3
현대카드 홈페이지 바로가기 - 더픽	60.0	51.0	3.001072	50.01786666666667	(direct) / (none)	3
한게임 바둑 앱 다운로드 및 설치 - 더픽	29.0	20.0	2.97498	102.5855172413793	(direct) / (none)	3
박지훈 팬미팅 예매 바로가기 - 더픽	479.0	401.0	2.911706	6.078718162839248	m.search.naver.com / referral	5
쏘카 고객센터 바로가기 - 더픽	202.0	155.0	2.909036	14.401168316831683	(direct) / (none)	4
어카운트인포 가입방법·로그인·앱 설치 총정리 | 생활정보 나침반	118.0	72.0	2.887809	24.472957627118642	naver / cpc	9
MBN 편성표 및 MBN 라이브 바로가기 - 더픽	64.0	49.0	2.879296	44.989000000000004	(direct) / (none)	3
카카오뱅크 고객센터 바로가기 - 더픽	77.0	62.0	2.87633	37.35493506493506	(direct) / (none)	1
네이트온 PC버전 다운로드 - 더픽	119.0	107.0	2.8754560000000002	24.16349579831933	(direct) / (none)	3
카카오모빌리티 고객지원센터 바로가기 - 더픽	69.0	54.0	2.861056	41.46457971014493	(direct) / (none)	3
환율 계산기 실시간환율 달러환율 엔화환율 유로환율 - 더픽	66.0	43.0	2.849265	43.17068181818182	(direct) / (none)	1
만세력 무료 사이트 보는법 포스텔러 포스텔라 천을귀인 무료 사이트 바로가기 - 더픽	401.0	344.0	2.847455	7.100885286783043	playtherapy.or.kr / referral	5
디스코드 고객센터 바로가기 - 더픽	385.0	321.0	2.8377730000000003	7.370838961038962	(direct) / (none)	2
고용24 홈페이지 바로가기 - 더픽	34.0	30.0	2.788859	82.02526470588235	(direct) / (none)	2
신문가게 모바일 v5 앱 다운로드 바로가기 - 더픽	50.0	39.0	2.782189	55.64378	(direct) / (none)	4
케이티 인터넷 고객센터 전화번호 및 해지 재약정 혜택 - 더픽	111.0	100.0	2.774138	24.992234234234235	(direct) / (none)	1
기아 시승 신청센터 바로가기 - 더픽	132.0	100.0	2.759104	20.902303030303027	(direct) / (none)	3
린나이 서비스센터 바로가기 - 더픽	66.0	54.0	2.75522	41.74575757575757	(direct) / (none)	3
뱅크샐러드 앱 설치 및 다운로드 바로가기 - 더픽	25.0	21.0	2.7390760000000003	109.56304000000002	(direct) / (none)	3
에이블리 고객센터 전화번호 영업시간 바로가기 - 더픽	302.0	256.0	2.727313	9.030837748344371	(direct) / (none)	4
부산지하철노선도 바로가기 - 더픽	159.0	144.0	2.7236750000000005	17.130031446540883	(direct) / (none)	6
명의도용 조회 엠세이퍼 방법 가입 제한 서비스 - 더픽	53.0	46.0	2.690026	50.75520754716981	(direct) / (none)	1
더픽 - 더픽	4426.0	2817.0	2.677004	0.6048359692724808	(direct) / (none)	37
카카오스토리 PC버전 설치 다운로드 - 더픽	62.0	50.0	2.671852	43.09438709677419	(direct) / (none)	6
삼쩜삼 고객센터 바로가기 - 더픽	47.0	41.0	2.67016	56.81191489361703	m.search.naver.com / referral	3
지방선거 사전투표소 위치 조회 검색 바로가기 - 더픽	309.0	271.0	2.645247	8.560669902912622	(direct) / (none)	4
TV조선 편성표 라이브 바로가기 - 더픽	100.0	86.0	2.6401850000000002	26.40185	(direct) / (none)	3
인천공항 2터미널 혼잡도 실시간 알림 주말 아침 새벽 저녁 - 더픽	419.0	380.0	2.634827	6.288369928400955	(direct) / (none)	7
2026 자녀장려금 신청 기준 재산 조회 지급일 조건 - 더픽	34.0	29.0	2.628606	77.31194117647058	(direct) / (none)	2
업비트 고객센터 바로가기 - 더픽	45.0	39.0	2.614735	58.105222222222224	(direct) / (none)	3
우체국택배 배송조회 바로가기 - 더픽	173.0	145.0	2.606559	15.066815028901733	(direct) / (none)	2
우리카드 홈페이지 바로가기 - 더픽	26.0	24.0	2.595856	99.84061538461539	(direct) / (none)	3
픽픽 다운로드 바로가기 - 더픽	100.0	94.0	2.587649	25.876489999999997	(direct) / (none)	3
비플페이 사용법 어플 앱 설치 다운로드 - 더픽	26.0	23.0	2.5796659999999996	99.21792307692307	(direct) / (none)	6
겜스고 할인코드 바로가기 - 더픽	299.0	256.0	2.5761920000000003	8.616026755852845	(direct) / (none)	5
테슬라 모델y 시승 신청 바로가기 - 더픽	433.0	362.0	2.556847	5.9049584295612005	(direct) / (none)	3
은밀한감사 기본정보 OTT 재방송 다시보기 - 더픽	190.0	175.0	2.5486720000000003	13.414063157894738	(direct) / (none)	3
당근마켓 고객센터 바로가기 - 더픽	93.0	74.0	2.548008	27.397935483870967	(direct) / (none)	3
중고나라 카페 바로가기 - 더픽	33.0	22.0	2.54549	77.13606060606061	(direct) / (none)	1
이누스 고객센터 바로가기 - 더픽	54.0	45.0	2.544864	47.12711111111111	(direct) / (none)	1
아시아나항공 고객센터 온라인 예약 전화 예약 바로가기 - 더픽	65.0	61.0	2.537724	39.04190769230769	m.search.naver.com / referral	4
과천 경마공원 시간 주차 주차장 경기 어플 다운로드 - 더픽	36.0	31.0	2.5213119999999996	70.03644444444443	(direct) / (none)	8
매도 사이드카 매수 사이드카 발동 뜻 조건 정리 - 더픽	208.0	198.0	2.5024470000000005	12.030995192307696	m.search.naver.com / referral	6
JTBC 편성표 및 라이브 바로가기 - 더픽	126.0	107.0	2.47933	19.67722222222222	contents.premium.naver.com / referral	5
촉촉한 황치즈칩 판매처 파는 곳 바로가기 - 더픽	276.0	218.0	2.459079	8.909706521739132	(direct) / (none)	5
kbs 고객센터 전화번호 영업시간 상담원 연결 수신료 문의 - 더픽	61.0	47.0	2.4411700000000005	40.01918032786886	(direct) / (none)	6
정부24 복지로 홈페이지 바로가기 - 더픽	39.0	33.0	2.416217	61.95428205128206	m.search.naver.com / referral	3
헐크티비 바로가기 | 실시간 스포츠 중계 안내	1047.0	544.0	2.4114819999999995	2.3032301814708687	(direct) / (none)	6
티켓베이 홈페이지 바로가기 - 더픽	172.0	159.0	2.388103	13.88431976744186	(direct) / (none)	4
애니데스크 다운로드 설치 방법 사용법 원격 연결 - 더픽	92.0	80.0	2.3816140000000003	25.887108695652177	council.chuncheon.go.kr / referral	5
안규백 장관 탄핵 청원 바로가기 - 더픽	48.0	47.0	2.377214	49.52529166666667	(direct) / (none)	3
함양 대봉산 모노레일 정보 총정리 — 예약·가격·시간표·주차·맛집 | 주카 비즈	89.0	71.0	2.3607750000000003	26.52556179775281	m.search.naver.com / referral	6
애플 고객센터 바로가기 - 더픽	195.0	157.0	2.35773	12.090923076923078	(direct) / (none)	5
신세계홈쇼핑 고객센터 바로가기 - 더픽	24.0	22.0	2.337064	97.37766666666666	(direct) / (none)	2
삼성월렛 홈페이지 바로가기 - 더픽	48.0	43.0	2.3265110000000004	48.46897916666668	(direct) / (none)	4
모바일건강보험증발급 방법 총정리 (The건강보험 앱) | 생활정보 나침반	73.0	28.0	2.319633	31.775794520547947	m.search.naver.com / referral	4
그냥드림 사업 및 푸드뱅크 위치 조회로 긴급 지원받기 - 더픽	77.0	68.0	2.317438	30.096597402597403	(direct) / (none)	3
미스트롯4 우승자 이소나 프로필 나무위키 바로가기 - 더픽	360.0	298.0	2.3132449999999998	6.425680555555555	m.search.naver.com / referral	4
국민연금 임의가입 신청 하는법 최소금액 납부 바로가기 - 더픽	63.0	58.0	2.29554	36.43714285714285	paxnet.co.kr / referral	4
오늘의 가요무대 출연진 보러가기 - 더픽	129.0	97.0	2.280522	17.67846511627907	m.search.naver.com / referral	5
전국오일장지도 전국장날표 전국5일장날 오일장 장날 알아보기 - 더픽	117.0	104.0	2.280474	19.491230769230768	(direct) / (none)	4
페이코 사용처 가맹점 바로가기 - 더픽	219.0	186.0	2.277058	10.39752511415525	m.search.naver.com / referral	3
한글 뷰어(HWP·HWPX) 다운로드부터 설치, 모바일 앱까지 정보 총정리 | 주카 비즈	235.0	200.0	2.265618	9.64092765957447	naver / cpc	3
ktx 시간표 예매 노선 경부선 호남선 바로가기 - 더픽	98.0	73.0	2.252905	22.988826530612247	(direct) / (none)	7
메리츠화재 고객센터 바로가기 - 더픽	41.0	38.0	2.252234	54.93253658536586	(direct) / (none)	2
표준지공시지가 조회 완벽 가이드 — 개별공시지가·시세 차이·세금 활용까지 | 주카 비즈	125.0	116.0	2.237695	17.90156	naver / cpc	4
삼성증권 고객센터 바로가기 - 더픽	42.0	40.0	2.233293	53.173642857142866	(direct) / (none)	3
차즘 보물찾기 힌트 매출 이벤트 후기 차키를 찾아라 - 더픽	738.0	623.0	2.180508	2.954617886178862	(direct) / (none)	4
2026 전기차 보조금 현황 조회 도시별 지역별 정리 - 더픽	194.0	175.0	2.16478	11.158659793814433	(direct) / (none)	2
곰시리즈 & 스타코덱 다운로드 - 필수 PC 유틸리티	202.0	189.0	2.163812	10.711940594059406	(direct) / (none)	2
lg에어컨 사전점검 신청 바로가기 - 더픽	115.0	101.0	2.154146	18.731704347826085	(direct) / (none)	4
에브리타임 고객센터 바로가기 - 더픽	487.0	370.0	2.1520850000000005	4.419065708418892	m.search.naver.com / referral	7
키움증권 고객센터 바로가기 - 더픽	70.0	61.0	2.1432640000000003	30.618057142857147	m.search.naver.com / referral	6
공인중개사 기출문제 PDF 다운로드 정답 해설 - 더픽	274.0	209.0	2.1211110000000004	7.741281021897811	(direct) / (none)	11
ABL생명 고객센터 바로가기 - 더픽	72.0	66.0	2.106161	29.252236111111113	m.search.naver.com / referral	4
삼성애니카 긴급출동 바로가기 - 더픽	69.0	61.0	2.098661	30.415376811594204	m.search.naver.com / referral	3
호적등본 발급 열람 발급처 온라인 발급 바로가기 - 더픽	45.0	42.0	2.0854150000000002	46.34255555555556	(direct) / (none)	4
농협생명 고객센터 바로가기 - 더픽	30.0	26.0	2.070972	69.0324	(direct) / (none)	1
경주 대추밭백한의원 예약 위치 정보 바로가기 - 더픽	70.0	55.0	2.0553459999999997	29.36208571428571	(direct) / (none)	5
SC제일은행 고객센터 바로가기 - 더픽	38.0	29.0	2.0449829999999998	53.815342105263156	(direct) / (none)	5
라디오 다시듣기 - 더픽	56.0	47.0	2.028928	36.23085714285714	(direct) / (none)	2
주요 증권사 비대면 계좌개설 바로가기 모음 (키움, 삼성, 미래에셋 등)	45.0	26.0	2.024547	44.98993333333333	(direct) / (none)	1
2026 주휴수당 계산기 | 나의 주휴수당은 얼마? (최저임금 반영)	122.0	96.0	2.016162	16.525918032786883	(direct) / (none)	3
웰컴 저축은행 톱랭킹 야구 바로가기 - 더픽	47.0	44.0	2.004931	42.65810638297873	(direct) / (none)	2
매일미사 앱 다운로드·사용법 총정리 (가톨릭굿뉴스 비교) | 생활정보 나침반	51.0	22.0	1.9882570000000002	38.98543137254902	m.search.naver.com / referral	6
차즘 고객센터 전화번호 장기렌트 리스 영업시간 상담원 연결 - 더픽	209.0	166.0	1.9795809999999998	9.471679425837321	m.search.naver.com / referral	5
경기도 평생교육이용권 신청하기 - 더픽	73.0	60.0	1.973266	27.03104109589041	(direct) / (none)	1
급할 때 찾는 공중화장실 위치 총정리 | 지도앱 활용법 & 지하철 화장실 완벽 가이드 - 더픽	283.0	258.0	1.971581	6.966717314487632	m.search.naver.com / referral	7
진에어 고객센터 바로가기 - 더픽	75.0	63.0	1.949828	25.997706666666666	(direct) / (none)	4
비즈넵 환급금 수수료 신청방법 바로가기 - 더픽	37.0	34.0	1.93672	52.343783783783785	m.search.naver.com / referral	3
내보험찾아줌 이용방법·숨은보험금 조회 총정리 | 생활정보 나침반	38.0	16.0	1.935088	50.92336842105263	m.search.naver.com / referral	9
관세청 고객센터 바로가기 - 더픽	66.0	58.0	1.932667	29.282833333333333	(direct) / (none)	1
클로드 클로드코드 클로드 맥스 cluade max 가격 할인 인하 무료 요금제 할인 받는 방법 - 더픽	456.0	422.0	1.9316260000000003	4.236021929824562	playtherapy.or.kr / referral	6
오늘의 별자리운세 바로가기 - 더픽	203.0	166.0	1.923933	9.477502463054188	(direct) / (none)	3
매월 700만원 꽂히는 당첨금! 연금복권 모바일 사는법과 추첨시간 완벽 정리 - 더픽	846.0	772.0	1.914584	2.2631016548463356	m.search.naver.com / referral	6
제주도 배편 예약 시간표 시간 가격 바로가기 - 더픽	82.0	62.0	1.908778	23.27778048780488	(direct) / (none)	2
건강보험25시 앱 설치 방법 다운로드 - 더픽	28.0	22.0	1.883316	67.26128571428572	(direct) / (none)	3
나는솔로 30기 31기 32기 출연진 인스타 | 영숙 순자 옥순 정숙 현숙	1251.0	998.0	1.878139	1.5013101518784973	(direct) / (none)	2
온비드 공매 사이트 방법 입찰 명도 아파트 물건 조회 알아보기 - 더픽	21.0	17.0	1.864499	88.78566666666667	(direct) / (none)	2
BYD 서비스센터 바로가기 - 더픽	85.0	83.0	1.859132	21.87214117647059	m.search.naver.com / referral	5
노령연금 신청 조건 수급자격 금액 나이 - 더픽	48.0	42.0	1.8537709999999998	38.62022916666667	m.search.naver.com / referral	5
상가임대차계약서 양식 다운로드 - 더픽	104.0	92.0	1.849565	17.784278846153846	(direct) / (none)	1
컴투스 고객센터 바로가기 - 더픽	286.0	223.0	1.84071	6.436048951048951	(direct) / (none)	4
자동차세 환급 신청방법 중고차 판매 환급 폐차 환급 신청 - 더픽	94.0	93.0	1.8374469999999998	19.547308510638295	naver / organic	7
주택연금 계산기 바로가기 - 더픽	55.0	46.0	1.8276849999999998	33.23063636363636	(direct) / (none)	3
키움저축은행 고객센터 바로가기 - 더픽	46.0	41.0	1.822313	39.615500000000004	(direct) / (none)	2
삼성라이온즈몰 어센틱샵 유니폼 오프라인 사이트 바로가기 - 더픽	150.0	123.0	1.821566	12.143773333333334	(direct) / (none)	4
메가박스 고객센터 바로가기 - 더픽	188.0	147.0	1.807399	9.613824468085108	m.search.naver.com / referral	4
키친아트 고객센터 바로가기 - 더픽	39.0	31.0	1.774807	45.5078717948718	(direct) / (none)	3
국민건강보험공단 홈페이지 바로가기 - 더픽	14.0	13.0	1.761367	125.81192857142857	(direct) / (none)	1
스타리아 전기차 가격 보조금 출시일 밴 카고 - 더픽	82.0	75.0	1.758778	21.44851219512195	(direct) / (none)	5
소상공인 홈페이지 바로가기 - 더픽	23.0	23.0	1.757489	76.4125652173913	(direct) / (none)	1
영화 6000원 할인쿠폰 받는곳 예매 바로가기 - 더픽	195.0	169.0	1.75392	8.994461538461538	(direct) / (none)	1
오행분석 무료 사이트 홈페이지 바로가기 - 더픽	194.0	151.0	1.745058	8.995144329896906	m.search.naver.com / referral	6
모두싸인 고객센터 바로가기 - 더픽	162.0	130.0	1.7433630000000002	10.761500000000002	m.search.naver.com / referral	5
엔카 고객센터 바로가기 - 더픽	64.0	58.0	1.7420299999999997	27.219218749999996	m.search.naver.com / referral	4
sbs 고객센터 전화번호 상담원연결 영업시간 - 더픽	31.0	30.0	1.738772	56.08941935483871	(direct) / (none)	7
SK하이닉스 채용 사이트 발표 홈페이지 공고 일정 조건 - 더픽	309.0	282.0	1.7167979999999998	5.555980582524271	m.search.naver.com / referral	7
어카운트인포 정보 총정리 — 뜻·설치·본인인증·휴면계좌 조회 | 주카 비즈	41.0	31.0	1.697022	41.39078048780488	m.search.naver.com / referral	6
스포티비 바로가기 - 더픽	88.0	71.0	1.692567	19.233715909090908	(direct) / (none)	4
해랑열차 정보 총정리 — 가격·코스·예약 방법과 예약 오픈 꿀팁 | 주카 비즈	66.0	57.0	1.691414	25.627484848484848	m.search.naver.com / referral	5
동양생명 고객센터 바로가기 - 더픽	74.0	66.0	1.6854380000000002	22.77618918918919	m.search.naver.com / referral	4
개별지 공시지가 조회하기 - 더픽	69.0	62.0	1.6819250000000001	24.375724637681163	naver / cpc	3
에너지바우처·전기요금 감면 정보 총정리 — 신청 대상·잔액조회·임산부 할인 | 주카 비즈	106.0	93.0	1.6738890000000002	15.791405660377363	m.search.naver.com / referral	7
실시간 은시세 바로가기 - 더픽	89.0	81.0	1.671492	18.780808988764047	(direct) / (none)	2
지뢰찾기 다운로드 바로가기 - 더픽	146.0	128.0	1.6662460000000001	11.41264383561644	(direct) / (none)	3
서울시 평생교육이용권 신청하기 - 더픽	70.0	63.0	1.655336	23.647657142857142	(direct) / (none)	2
2026 경복궁 야간개장 관람 예매 일정 바로가기 - 더픽	121.0	109.0	1.648814	13.626561983471074	(direct) / (none)	3
부천참새보리식빵 위치 정보 바로가기 - 더픽	125.0	91.0	1.634974	13.079792	(direct) / (none)	3
롯데마트 도와센터 영업시간 휴무일 재고조회 전화번호 정리 - 더픽	116.0	99.0	1.634103	14.087094827586208	(direct) / (none)	1
놀파트너센터 로그인 야놀자 사장님사이트 입점 방법 - 더픽	77.0	58.0	1.632833	21.205623376623375	(direct) / (none)	1
카카오택시 고객센터 사용법 경유지 추가 예약 쿠폰 결제 알아보기 - 더픽	21.0	12.0	1.6257540000000001	77.41685714285715	(direct) / (none)	3
알리익스프레스 앱 다운로드 설치방법 - 더픽	17.0	16.0	1.620856	95.3444705882353	m.search.naver.com / referral	5
현대카드 고객센터 m포인트몰 바로가기 - 더픽	90.0	82.0	1.6113229999999998	17.903588888888887	m.search.naver.com / referral	4
내 투표소 찾기 2026 지방선거 안내 - 더픽	127.0	110.0	1.608971	12.669062992125983	(direct) / (none)	2
나라장터 고객센터 바로가기 - 더픽	236.0	221.0	1.608627	6.816216101694915	naver / organic	4
망고비데 고객센터 as센터 바로가기 - 더픽	60.0	47.0	1.607971	26.79951666666667	m.search.naver.com / referral	4
노인일자리여기 https://www.seniorro.or.kr 바로가기 - 더픽	20.0	14.0	1.602296	80.1148	(direct) / (none)	2
광주은행 고객센터 바로가기 - 더픽	75.0	62.0	1.601691	21.35588	m.search.naver.com / referral	3
구글 고객센터 바로가기 - 더픽	54.0	42.0	1.60064	29.641481481481485	(direct) / (none)	2
에버랜드 셔틀버스 예약 시간 예매 편도 주차장 막차 수원 천안 타는 곳 - 더픽	270.0	222.0	1.598484	5.920311111111111	playtherapy.or.kr / referral	4
MBC 편성표 라이브 온에어 바로가기 - 더픽	75.0	65.0	1.5911139999999997	21.214853333333327	(direct) / (none)	3
가평 청리움 예약 방법·입장료·숙소 총정리 — 무료 예약 꿀팁 | 주카 비즈	71.0	62.0	1.574203	22.17187323943662	m.search.naver.com / referral	5
무신사 고객센터 바로가기 - 더픽	123.0	107.0	1.556635	12.655569105691058	(direct) / (none)	1
일본 여행 필수 네비게이션 앱 추천 | 구글맵 & 야후네비 이용 가이드	23.0	15.0	1.552618	67.50513043478261	(direct) / (none)	2
엠세이퍼 홈페이지 msafer 바로가기 - 더픽	17.0	17.0	1.5518750000000001	91.28676470588236	(direct) / (none)	3
쿠펀치 신청방법 확정 문자 일정 가입 - 더픽	58.0	53.0	1.547933	26.6885	(direct) / (none)	1
k패스 환급일 카뱅 신한카드 하나카드 농협 주말 안내 - 더픽	142.0	139.0	1.5326710000000001	10.793457746478875	m.search.naver.com / referral	3
색맹 색약 간이 테스트 바로가기 - 더픽	195.0	131.0	1.516297	7.775882051282051	(direct) / (none)	1
나이스학부모서비스 바로가기 - 더픽	49.0	36.0	1.50846	30.784897959183674	(direct) / (none)	2
갤럭시 S26 학생할인 총정리: 네이버 학생 인증하고 최대 30만 원 혜택받기 - 더픽	160.0	140.0	1.507473	9.42170625	m.search.naver.com / referral	4
고속도로 교통상황 실시간 cctv 로드플러스 조회하기 - 더픽	59.0	43.0	1.490583	25.264118644067796	(direct) / (none)	2
페이코 고객센터 바로가기 - 더픽	94.0	75.0	1.478914	15.733127659574468	m.search.naver.com / referral	4
충청에너지서비스 홈페이지 바로가기 - 더픽	63.0	58.0	1.474108	23.39853968253968	(direct) / (none)	5
ocn 편성표 온에어 라이브 바로가기 - 더픽	122.0	88.0	1.472475	12.069467213114754	m.search.naver.com / referral	5
무료 웹툰 플랫폼 바로가기 | 네이버웹툰 카카오웹툰 리디웹툰	916.0	413.0	1.472188	1.6071921397379914	(direct) / (none)	2
에이스침대 매장위치 바로가기 - 더픽	103.0	81.0	1.470281	14.274572815533979	m.search.naver.com / referral	3
침대 사이즈 비교표 (슈퍼싱글 vs 퀸 vs 킹) 및 2인용 추천 가이드 - 더픽	472.0	445.0	1.4617710000000002	3.096972457627119	m.search.naver.com / referral	5
어카운트인포 (계좌정보통합관리) 웹 바로가기 및 앱 다운로드	37.0	28.0	1.450387	39.199648648648655	(direct) / (none)	2
카카오페이 여행자보험 가입 청구 신청 보상 정리 - 더픽	66.0	59.0	1.436914	21.771424242424242	(direct) / (none)	1
코스트코 앱 다운로드 - 더픽	86.0	66.0	1.430688	16.635906976744185	(direct) / (none)	4
제로데이택배 배송조회 바로가기 - 더픽	128.0	120.0	1.4245729999999999	11.129476562499999	m.search.naver.com / referral	3
대입정보포털 대학어디가 바로가기 - 더픽	155.0	138.0	1.418031	9.148587096774195	(direct) / (none)	5
2026년 토정비결 무료 사이트 모음 | 신년운세 바로보기	193.0	157.0	1.409357	7.302367875647668	(direct) / (none)	4
우체국 등기조회 바로가기 - 더픽	120.0	104.0	1.408607	11.738391666666665	(direct) / (none)	3
번개장터 고객센터 전화번호 주말 상담원 연결 영업시간 - 더픽	197.0	152.0	1.4077140000000001	7.145756345177666	(direct) / (none)	6
MBTI 및 각종 심리 테스트 모음	127.0	96.0	1.399986	11.02351181102362	(direct) / (none)	2
퍼센트 계산기 - 더픽	136.0	118.0	1.397419	10.275139705882353	(direct) / (none)	1
파라타항공 고객센터 바로가기 - 더픽	101.0	89.0	1.3937040000000003	13.799049504950498	m.search.naver.com / referral	4
황사 수치 실시간 지도 바로가기 - 더픽	139.0	122.0	1.374557	9.88889928057554	(direct) / (none)	3
토스 미국주식 세금 내는법 신고방법 - 더픽	76.0	72.0	1.363052	17.934894736842104	(direct) / (none)	3
티빙 개인정보 유출 조회하기 - 더픽	2858.0	1309.0	1.3564340000000001	0.4746095171448566	(direct) / (none)	4
증여세 0원 만드는 부자들의 비법! 가족 간 차용증 쓰는법 및 금전소비대차계약서 양식 다운로드 - 더픽	142.0	122.0	1.3514140000000001	9.517000000000001	m.search.naver.com / referral	6
신한투자증권 홈페이지 바로가기 - 더픽	27.0	26.0	1.348565	49.946851851851854	(direct) / (none)	1
"보이면 바로 집으세요" 삶의 질 높여주는 다이소 역대급 추천템 - 더픽	83.0	68.0	1.346311	16.220614457831328	m.search.naver.com / referral	4
키즈노트 앱 다운로드 알림장 사진 저장 방법 정리 - 더픽	215.0	199.0	1.3445239999999998	6.253599999999999	(direct) / (none)	4
카카오 자동차보험 바로가기 - 더픽	73.0	66.0	1.3378450000000002	18.32664383561644	(direct) / (none)	3
2026년 본인부담상한제 상한액표 및 환급 신청 방법 총정리 (feat. 병원비 지원금 혜택) - 더픽	131.0	117.0	1.336531	10.202526717557252	m.search.naver.com / referral	5
하나캐피탈 고객센터 바로가기 - 더픽	41.0	35.0	1.3351520000000001	32.56468292682927	(direct) / (none)	3
케이뱅크 플러스박스 만들기 바로가기 - 더픽	86.0	82.0	1.3347490000000002	15.520337209302328	m.search.naver.com / referral	5
동부생명 보험금 청구 바로가기 - 더픽	23.0	12.0	1.333271	57.96830434782609	(direct) / (none)	4
zucca, 더픽의 작성자	57.0	52.0	1.327888	23.296280701754387	(direct) / (none)	3
차상위계층 기준 조건 확인하기 - 더픽	96.0	79.0	1.316449	13.713010416666666	(direct) / (none)	2
자동차세 납부 조회 기간 방법 네이버 오류 시기 - 더픽	85.0	74.0	1.313912	15.457788235294117	(direct) / (none)	4
하스카프베리 묘목 판매처 바로가기	87.0	55.0	1.313058	15.092620689655172	(direct) / (none)	3
농협은행 마이너스통장 개설 조건 서류 시간 소요시간 방법 - 더픽	34.0	36.0	1.311045	38.56014705882353	kgeu.org / referral	4
운전면허 벌점조회 쉽게 확인하는 방법 - 더픽	39.0	34.0	1.3101	33.59230769230769	m.search.naver.com / referral	4
요양보호사 자격증 따는법 국비지원 재발급 - 더픽	27.0	29.0	1.3055789999999998	48.35477777777778	council.chuncheon.go.kr / referral	4
모바일 건강보험증 발급 및 다운로드 - 더픽	16.0	13.0	1.303469	81.4668125	(direct) / (none)	2
2025년 양산시 노인일자리 신청 완벽 가이드 | 5,270명 모집 정보 총정리 - 더픽	37.0	31.0	1.288962	34.83681081081081	m.search.naver.com / referral	3
청약 가점 계산기 바로가기 - 더픽	172.0	155.0	1.28772	7.486744186046511	(direct) / (none)	3
경남 4050 필독! 경남도민연금 신청하고 240만원 공짜로 챙기는 법 - 더픽	87.0	77.0	1.2813109999999999	14.72771264367816	m.search.naver.com / referral	5
티니핑월드 인 판교 입장권 입장료 할인 꿀팁 굿즈 주차 - 더픽	164.0	142.0	1.274464	7.771121951219513	m.search.naver.com / referral	8
118 신고 스팸문자 보이스피싱 1분 만에 해결하는 법 - 더픽	79.0	66.0	1.272766	16.110962025316457	(direct) / (none)	1
생리대바우처 온라인몰 잔액조회 사용방법 신청하기 - 더픽	21.0	16.0	1.266286	60.29933333333334	playtherapy.or.kr / referral	2
지적도 발급하는방법 동사무소 기관 비용 - 더픽	60.0	52.0	1.255061	20.917683333333333	naver / cpc	2
SBI저축은행 고객센터 전화번호 상담사 연결 앱 다운로드 - 더픽	38.0	29.0	1.252835	32.96934210526316	(direct) / (none)	1
거지맵 바로가기 - 더픽	47.0	41.0	1.245973	26.51006382978723	(direct) / (none)	2
실업급여 신청방법 총정리 — 조건·금액·기간·서류 한눈에 | 주카 비즈	110.0	77.0	1.229617	11.178336363636364	m.search.naver.com / referral	8
올림픽공원 혼잡도 주차장 지도 바로가기 - 더픽	171.0	145.0	1.2254450000000001	7.166345029239767	paxnet.co.kr / referral	7
v3 백신 무료 다운로드 - 더픽	56.0	52.0	1.20621	21.53946428571429	(direct) / (none)	1
잔나비 콘서트 10대 무료 관람 신청 바로가기 - 더픽	129.0	102.0	1.200666	9.307488372093024	(direct) / (none)	2
금융감독원 내보험찾아줌 바로가기 - 더픽	18.0	17.0	1.196017	66.4453888888889	(direct) / (none)	1
연차발생 계산기 입사일 회계연도 기준 1분 만에 끝내기 - 더픽	213.0	193.0	1.195974	5.614901408450705	(direct) / (none)	2
티웨이항공 고객센터 바로가기 - 더픽	89.0	82.0	1.193428	13.409303370786517	(direct) / (none)	4
EWC 리그오브레전드 예선 일정 선발전 바로가기 - 더픽	1376.0	1272.0	1.1843789999999998	0.8607405523255812	(direct) / (none)	3
청구의신 고객센터 바로가기 - 더픽	28.0	25.0	1.183194	42.256928571428574	(direct) / (none)	1
세스코 고객센터 바로가기 - 더픽	76.0	70.0	1.1794419999999999	15.518973684210525	(direct) / (none)	4
넷플릭스 결제 오류? 080 고객센터 전화상담으로 완벽하게 해결하는 방법 - 더픽	30.0	26.0	1.179076	39.302533333333336	(direct) / (none)	1
사직서 양식 무료 다운로드 | HWP, PDF 표준 서식 및 작성 가이드	175.0	172.0	1.175473	6.716988571428571	(direct) / (none)	2
2026년 튼튼머니 사업 시작! 운동하고 최대 5만 포인트 챙기세요 - 더픽	43.0	37.0	1.172676	27.27153488372093	(direct) / (none)	4
2026년 농식품바우처 신청 방법 | 청년까지 대상 확대, 월 최대 10만원 (방문/온라인) - 더픽	43.0	32.0	1.166788	27.13460465116279	m.search.naver.com / referral	4
운명전쟁49 우승자 윤대만 점집 예약 - 더픽	87.0	67.0	1.165576	13.397425287356322	m.search.naver.com / referral	4
사학연금 수령액 조회 방법 계산 - 더픽	26.0	25.0	1.155006	44.423307692307695	(direct) / (none)	1
디스코 부동산 매물 등록 방법 - 더픽	43.0	28.0	1.154894	26.858000000000004	(direct) / (none)	3
키움증권 레버리지 ETF 교육 이수 등록 방법 (주문 불가 해결) - 더픽	91.0	79.0	1.1484159999999999	12.619956043956043	m.search.naver.com / referral	4
동행복권 홈페이지 바로가기 - 더픽	21.0	19.0	1.145812	54.5624761904762	(direct) / (none)	4
일사편리 부동산정보조회시스템 바로가기 - 더픽	64.0	56.0	1.143732	17.8708125	brunch.co.kr / referral	4
현대백화점 문화센터 수강신청 바로가기 - 더픽	52.0	46.0	1.143615	21.992596153846154	(direct) / (none)	2
g마켓 바로가기 - 더픽	31.0	30.0	1.139897	36.770870967741935	(direct) / (none)	1
종량제봉투 파는곳 종량제닷컴 바로가기 - 더픽	91.0	66.0	1.134659	12.468780219780221	(direct) / (none)	2
전국 택배 배송조회 통합 안내 🚚	152.0	122.0	1.133312	7.456	(direct) / (none)	2
지방선거 개표방송 개표시간 2026 제9회 지방선거 개표방송 보기 - 더픽	40.0	34.0	1.124027	28.100675000000003	(direct) / (none)	2
페이스북 고객센터 바로가기 - 더픽	100.0	91.0	1.1171570000000002	11.171570000000003	(direct) / (none)	5
만나이 계산기 나이계산기 바로가기 - 더픽	180.0	170.0	1.116336	6.201866666666667	(direct) / (none)	5
삼성증권 홈페이지 바로가기 - 더픽	15.0	13.0	1.115934	74.39559999999999	(direct) / (none)	2
대출 계산기 - 더픽	140.0	118.0	1.096465	7.831892857142857	(direct) / (none)	1
임플란트 가격 비교 어플 사이트 바로가기 - 더픽	31.0	29.0	1.0958910000000002	35.35132258064517	(direct) / (none)	5
코버스 일정 시간표 예매 방법 - 더픽	21.0	20.0	1.095341	52.15909523809523	m.search.naver.com / referral	3
농업e지 신청 방법 원패스 통합 관리 및 홈페이지 바로가기 - 더픽	9.0	8.0	1.089783	121.087	(direct) / (none)	1
농협 atm 바로가기 - 더픽	56.0	45.0	1.087101	19.412517857142856	(direct) / (none)	3
김포페이 사용처 가맹점 조회하기 - 더픽	60.0	53.0	1.084299	18.071649999999998	m.search.naver.com / referral	3
디스코드 다운로드 바로가기 - 더픽	64.0	60.0	1.077875	16.841796875	(direct) / (none)	1
전기통신금융사기 보이스피싱 대처방법 및 통합신고대응센터 환급 - 더픽	91.0	83.0	1.072466	11.785340659340658	(direct) / (none)	1
토스 페이스페이 사용법 쿠폰 cu 결제방법 안내 - 더픽	317.0	292.0	1.0710579999999998	3.378731861198738	m.search.naver.com / referral	7
서울시 이택스 바로가기 - 더픽	34.0	30.0	1.060117	31.17991176470588	(direct) / (none)	1
국민연금 수령나이 확인하기 - 더픽	29.0	26.0	1.0498699999999999	36.202413793103446	(direct) / (none)	3
카카오뱅크 스칼라십 장학금 신청하기 - 더픽	239.0	208.0	1.048288	4.3861422594142265	(direct) / (none)	3
기업은행 앱 설치 다운로드 바로가기 - 더픽	12.0	11.0	1.047324	87.27699999999999	(direct) / (none)	2
노랑풍선 고객센터 바로가기 - 더픽	39.0	33.0	1.045848	26.816615384615385	m.search.naver.com / referral	3
꽃가루지수 오늘 기상청 환기 조회 하기 - 더픽	203.0	173.0	1.043483	5.140310344827586	(direct) / (none)	3
더셰브론챔피언십 중계 바로가기 - 더픽	28.0	25.0	1.037703	37.06082142857143	(direct) / (none)	1
피망 바둑 정보 총정리 — 설치·오류 해결부터 랭킹전까지 | 주카 비즈	107.0	83.0	1.0323369999999998	9.64800934579439	bing / organic	8
전국 자연휴양림 예약 오픈 시간 객실 정리 - 더픽	34.0	26.0	1.0272999999999999	30.214705882352938	(direct) / (none)	3
롯데백화점 문화센터 바로가기 - 더픽	27.0	25.0	1.024672	37.95081481481482	(direct) / (none)	3
함양 대봉산 모노레일 예약 방법·가격·현장구매 총정리 | 주카 비즈	20.0	16.0	1.020162	51.0081	m.search.naver.com / referral	6
g마켓 바로가기 g마켓 고객센터 바로가기 - 더픽	21.0	19.0	1.019277	48.537	(direct) / (none)	2
다글로 무료 사용 방법 다운로드 크레딧 제한 - 더픽	111.0	101.0	1.018878	9.179081081081081	(direct) / (none)	4
블루핸즈 예약 영업시간 현대블루핸즈 예약 바로가기 - 더픽	59.0	54.0	1.011668	17.14691525423729	(direct) / (none)	1
하나카드 홈페이지 바로가기 - 더픽	28.0	24.0	1.01066	36.09499999999999	(direct) / (none)	2
딜라이브 고객센터 바로가기 - 더픽	51.0	46.0	1.000672	19.621019607843138	m.search.naver.com / referral	4
카카오스토리 앱 다운로드 - 더픽	16.0	16.0	0.983604	61.47525	(direct) / (none)	1
무명전설 재방송 시간표 채널 확인하기 - 더픽	37.0	33.0	0.970622	26.233027027027024	(direct) / (none)	2
ABC타이어 장착점 무료 비교 공임비 교체방법 쿠폰 할인 - 더픽	81.0	74.0	0.96635	11.930246913580248	(direct) / (none)	3
국민연금 예상수령액 조회하기 - 더픽	47.0	44.0	0.961215	20.451382978723405	(direct) / (none)	5
인스타그램 사진 동영상 저장 바로가기 - 더픽	242.0	210.0	0.95846	3.960578512396694	(direct) / (none)	3
로또 온라인 구매 | 동행복권 어플 다운로드 | 복똑방 앱 다운로드 - 더픽	53.0	47.0	0.9459310000000001	17.847754716981136	m.search.naver.com / referral	3
한게임 바둑·장기·오목 정보 총정리 — 다운로드·설치·오류 해결 총망라 | 주카 비즈	28.0	16.0	0.942756	33.66985714285715	m.search.naver.com / referral	7
국민청원 청원24 사이트 바로가기 - 더픽	10.0	10.0	0.939833	93.9833	(direct) / (none)	1
카카오뱅크 앱 다운로드 - 더픽	15.0	13.0	0.930687	62.04580000000001	(direct) / (none)	1
운전면허증 분실 재발급 준비물 온라인 당일 기간 신청 총정리 | 주카 비즈	33.0	35.0	0.927683	28.111606060606064	naver / cpc	4
로또 당첨금 수령 방법|1등 농협 본점 방문부터 세금까지(2026) - 더픽	151.0	139.0	0.9199430000000001	6.092337748344371	m.search.naver.com / referral	8
씨티은행 고객센터 바로가기 - 더픽	26.0	22.0	0.914984	35.19169230769231	(direct) / (none)	3
국민체육진흥공단 바로가기 - 더픽	25.0	21.0	0.910279	36.411159999999995	(direct) / (none)	1
성남시 에너지지원금 방법 5부제 신청 바로가기 - 더픽	30.0	26.0	0.9069470000000001	30.23156666666667	(direct) / (none)	3
롯데손해보험 고객센터 콜센터 실비청구 바로가기 - 더픽	40.0	33.0	0.899299	22.482474999999997	m.search.naver.com / referral	3
한강버스 예약 시간표 가격 운행 노선 요금 선착장 - 더픽	35.0	31.0	0.8911669999999999	25.461914285714283	(direct) / (none)	3
히든싱어 OTT 재방송 편성표 바로가기 - 더픽	118.0	108.0	0.884745	7.497838983050848	(direct) / (none)	3
엠게임 바로가기 포커 바둑 장기 맞고 - 더픽	25.0	25.0	0.881892	35.27568	(direct) / (none)	2
알바천국 이력서 양식 무료 다운 받는법 - 더픽	87.0	77.0	0.876567	10.075482758620689	kgeu.org / referral	5
비교견적서 hwp pdf 양식 다운로드 - 더픽	128.0	122.0	0.87588	6.8428125	(direct) / (none)	5
2026 5모 등급컷 메가스터디 이투스 ebs 바로가기 - 더픽	513.0	448.0	0.8745350000000001	1.7047465886939572	(direct) / (none)	5
퇴직금 계산기 바로가기 - 더픽	35.0	26.0	0.869688	24.84822857142857	(direct) / (none)	1
DHL 배송조회 고객센터 바로가기 - 더픽	89.0	74.0	0.868241	9.755516853932585	(direct) / (none)	3
제9회 전국동시지방선거 사전투표율 바로가기 - 더픽	74.0	66.0	0.863373	11.667202702702701	(direct) / (none)	1
서민금융 잇다 바로가기 - 더픽	14.0	14.0	0.852431	60.887928571428574	(direct) / (none)	1
공임나라 배터리 엔진오일 교체비용 예약 전국 지점찾기 - 더픽	140.0	125.0	0.849317	6.066549999999999	(direct) / (none)	1
바르셀로나 리버풀 티켓팅 내한 레전드매치 놀티켓 예매 서울 축구 경기일정 - 더픽	300.0	235.0	0.8459249999999999	2.81975	(direct) / (none)	3
메일플러그 고객센터 바로가기 - 더픽	59.0	55.0	0.8415440000000001	14.263457627118646	naver / organic	3
다음 팟플레이어 최신버전 및 구버전 다운로드 - 공식 및 광고없는 버전	163.0	147.0	0.841075	5.159969325153374	(direct) / (none)	2
제주항공 제주에어 고객센터 바로가기 - 더픽	43.0	41.0	0.838155	19.491976744186047	(direct) / (none)	4
에어컨 사전점검 및 고객센터 안내	19.0	15.0	0.837619	44.08521052631579	(direct) / (none)	1
제네시스 시승 신청 방법 바로가기 - 더픽	62.0	58.0	0.836341	13.489370967741936	(direct) / (none)	3
보건증 발급 방법 인터넷 정부24 검사 절차 준비물 - 더픽	63.0	55.0	0.820459	13.02315873015873	(direct) / (none)	2
2026 서울재즈페스티벌 예매 바로가기 - 더픽	62.0	57.0	0.816941	13.176467741935484	(direct) / (none)	1
소득확인증명서 발급 방법 기관 주민센터 정부24 - 더픽	12.0	12.0	0.809402	67.45016666666666	(direct) / (none)	1
피망 게임 바로가기	19.0	18.0	0.807291	42.489	(direct) / (none)	1
금융결제원 고객센터 바로가기 - 더픽	24.0	20.0	0.802386	33.432750000000006	m.search.naver.com / referral	3
LG에어컨 고객센터 바로가기 - 더픽	35.0	32.0	0.801762	22.907485714285713	(direct) / (none)	3
2026 행복두배 템플스테이 예약하기 - 더픽	57.0	49.0	0.8007989999999999	14.049105263157895	(direct) / (none)	4
통영 사량도 배편 예약 시간표 바로가기 - 더픽	20.0	17.0	0.797587	39.87935	(direct) / (none)	2
사이클해커스 고객센터 바로가기 - 더픽	45.0	41.0	0.786174	17.470533333333332	m.search.naver.com / referral	3
교보라이프플래닛 고객센터 바로가기 - 더픽	24.0	19.0	0.7691650000000001	32.04854166666667	m.search.naver.com / referral	3
2026년 고금리 파킹통장 추천 TOP 7: 1000만원 이상 목돈 굴리기 가장 좋은 곳은? - 더픽	233.0	211.0	0.7677489999999999	3.2950600858369095	m.search.naver.com / referral	7
홈플러스 고객센터 바로가기 - 더픽	38.0	32.0	0.767452	20.196105263157893	(direct) / (none)	4
2026 아기 통장 추천 및 고금리 적금, 필수 준비물 총정리 - 더픽	237.0	216.0	0.7561559999999999	3.19053164556962	m.search.naver.com / referral	6
롯데시네마 홈페이지 바로가기 - 더픽	11.0	11.0	0.754717	68.61063636363636	(direct) / (none)	2
빽다방 청주내수점 자세히보기 - 더픽	160.0	151.0	0.7536930000000001	4.71058125	(direct) / (none)	4
공항철도 AREX 예매 직통열차 서울역 공항철도 - 더픽	98.0	90.0	0.74801	7.632755102040815	(direct) / (none)	4
셋로그 setlog 갤럭시 아이폰 안드로이드 앱 다운로드 - 더픽	52.0	47.0	0.743264	14.293538461538462	(direct) / (none)	5
바탈리언 오일 주가 토스 바로가기 - 더픽	9.0	7.0	0.74161	82.4011111111111	(direct) / (none)	1
충북도청 홈페이지 바로가기 - 더픽	26.0	21.0	0.73929	28.43423076923077	(direct) / (none)	3
한국투자증권 고객센터 바로가기 - 더픽	27.0	23.0	0.730692	27.062666666666665	m.search.naver.com / referral	4
하나저축은행 햇살론 완벽 가이드: 입금부터 중도상환까지 모든 것 - 더픽	35.0	31.0	0.727756	20.793028571428568	m.search.naver.com / referral	3
사과게임 링크 멀티 게임 바로가기 - 더픽	157.0	124.0	0.724908	4.617248407643312	(direct) / (none)	4
사기꾼들 방청신청 방법 jtbc 일정 강연배틀쇼 - 더픽	21.0	19.0	0.721859	34.3742380952381	(direct) / (none)	4
춘천 레고랜드 입장권 최저가 특가 할인 가격 당일 - 더픽	125.0	118.0	0.7152400000000002	5.721920000000002	m.search.naver.com / referral	7
카카오 택배 방문택배 예약 방법 배송조회 바로가기 - 더픽	49.0	41.0	0.7149890000000001	14.591612244897961	playtherapy.or.kr / referral	4
충남도청 홈페이지 바로가기 - 더픽	17.0	15.0	0.712556	41.91505882352941	(direct) / (none)	2
공무원 가족수당 부모 자녀 배우자 나이 금액 - 더픽	138.0	124.0	0.708597	5.134760869565218	playtherapy.or.kr / referral	3
캐논프린터 드라이버 다운로드 설치 방법 바로가기 - 더픽	68.0	64.0	0.707013	10.39725	(direct) / (none)	5
통관알리미 유니패스 통관조회 방법 알아보자! 통관번호 확인 총정리 | 주카 비즈	16.0	16.0	0.705252	44.07825	naver / cpc	4
주유소 가격비교 바로가기 - 더픽	45.0	42.0	0.704866	15.663688888888888	(direct) / (none)	3
LG유플러스 고객센터 바로가기 - 더픽	69.0	60.0	0.703212	10.191478260869564	(direct) / (none)	3
모바일신분증 발급 방법 사본 발급 바로가기 - 더픽	57.0	56.0	0.7007840000000001	12.29445614035088	naver / organic	6
2026 소상공인 추경지원금 신청방법 - 더픽	36.0	33.0	0.688274	19.118722222222225	(direct) / (none)	2
아이템매니아 홈페이지 바로가기 - 더픽	90.0	78.0	0.687692	7.641022222222222	(direct) / (none)	4
구라제거기 다운로드 - 더픽	62.0	61.0	0.685549	11.05724193548387	(direct) / (none)	3
홈플러스 영업잠정중단 지점 리스트 자세히보기 - 더픽	86.0	79.0	0.684723	7.961895348837209	(direct) / (none)	4
메가커피 메뉴판 정보 및 칼로리 정보 바로가기 - 더픽	292.0	255.0	0.6800080000000001	2.3287945205479454	(direct) / (none)	4
한컴타자연습 다운로드 바로가기 - 더픽	84.0	81.0	0.669997	7.976154761904761	(direct) / (none)	3
한컴 고객센터 바로가기 - 더픽	34.0	34.0	0.668549	19.66320588235294	(direct) / (none)	3
현역가왕3 전국투어 콘서트 예매하기 - 더픽	22.0	18.0	0.668233	30.37422727272727	(direct) / (none)	2
넷마블 바둑·장기 급수 시스템과 표준장기룰 가이드 | 주카 비즈	44.0	38.0	0.667899	15.179522727272728	bing / organic	5
캡컷 pc 다운로드 설치 방법 바로가기 - 더픽	31.0	29.0	0.667508	21.53251612903226	(direct) / (none)	6
일산 무한리필 빵집 따순기미 바로가기 - 더픽	99.0	91.0	0.667258	6.739979797979798	m.search.naver.com / referral	6
카카오뱅크 잔고증명서 발급 출력 pdf - 더픽	47.0	43.0	0.6668669999999999	14.188659574468081	(direct) / (none)	5
담배값 2026년 인상률 정말일까? - 더픽	163.0	161.0	0.663266	4.069116564417178	m.search.naver.com / referral	4
케이뱅크 자동차대출 갈아타기(대환) 조건 및 비대면 신청 - 더픽	30.0	22.0	0.662493	22.0831	(direct) / (none)	4
삼천리 도시가스 조회 방법 및 전입전출 신고 (+고객센터 바로가기) - 더픽	56.0	48.0	0.6603749999999999	11.792410714285714	playtherapy.or.kr / referral	4
한글(HWP) 뷰어 무료 다운로드 | Windows, Mac, Android, iOS 공식 버전	78.0	71.0	0.655659	8.405884615384615	(direct) / (none)	2
내 주변 무인민원발급기 바로가기 - 더픽	64.0	54.0	0.652444	10.194437500000001	(direct) / (none)	2
인감증명서 온라인 발급 바로가기 - 더픽	24.0	24.0	0.652333	27.18054166666667	(direct) / (none)	2
"우리 동네는 얼마?" 2026 운전면허 반납 지원금, 지역별 최대 68만원 혜택 비교 - 더픽	38.0	32.0	0.651471	17.14397368421053	kunsan.ac.kr / referral	3
삼성에어컨 사전점검 신청 바로가기 - 더픽	36.0	30.0	0.646217	17.95047222222222	(direct) / (none)	1
톤28 네고왕 바로가기 - 더픽	98.0	84.0	0.644715	6.578724489795919	m.search.naver.com / referral	4
엑셀 함수 표 더하기 빼기 정리표 고정 곱하기 정리 - 더픽	172.0	171.0	0.6427409999999999	3.736866279069767	paxnet.co.kr / referral	5
AI가 내 뒷조사를? 갤럭시에 숨겨진 '이 기능' 당장 끄세요 (제미나이 문자 사고) - 더픽	95.0	77.0	0.6389250000000001	6.725526315789474	m.search.naver.com / referral	4
부킹닷컴 고객센터 바로가기 - 더픽	67.0	61.0	0.63851	9.530000000000001	m.search.naver.com / referral	4
구글 제미나이 할인 받는 법, 월 3,500원에 쓰는 후기 - 더픽	74.0	70.0	0.632838	8.551864864864864	m.search.naver.com / referral	3
보람상조 고객센터 바로가기 - 더픽	37.0	33.0	0.629186	17.00502702702703	m.search.naver.com / referral	3
2026 한일가왕전 투표방법 투표하기 틱톡 바로가기 - 더픽	18.0	14.0	0.628834	34.93522222222222	(direct) / (none)	1
디즈니플러스 고객센터 바로가기 - 더픽	29.0	28.0	0.6259640000000001	21.584965517241383	m.search.naver.com / referral	3
개별주택 공시가격 조회하기 - 더픽	30.0	27.0	0.625357	20.845233333333333	(direct) / (none)	1
병무청 고객센터 전화번호 상담원연결 영업시간 - 더픽	45.0	36.0	0.619689	13.770866666666668	(direct) / (none)	4
엘포인트 사용처 바로가기 - 더픽	25.0	22.0	0.619109	24.76436	(direct) / (none)	2
코스트코 회원권 가격 온라인 발급 바로가기 - 더픽	50.0	46.0	0.6168990000000001	12.337980000000002	m.search.naver.com / referral	4
인터넷우체국 바로가기 - 더픽	31.0	29.0	0.614702	19.829096774193548	(direct) / (none)	2
오목의 달인 앱 다운로드 - 더픽	51.0	46.0	0.614012	12.039450980392157	(direct) / (none)	3
세븐일레븐 착한택배 배송조회 하기 - 더픽	49.0	39.0	0.611846	12.486653061224489	(direct) / (none)	5
2026 서울시 어르신 운전면허 반납 20만원! 신청 방법 및 자격 요건 총정리 (운전면허 반납지원금) - 더픽	22.0	19.0	0.6098319999999999	27.719636363636358	kunsan.ac.kr / referral	4
민생지원금 이의신청 이의제기 방법 바로가기 - 더픽	43.0	37.0	0.608768	14.157395348837209	(direct) / (none)	3
대전 빵택시 예약방법 코스 가격 요금 확인 후기 - 더픽	152.0	135.0	0.607328	3.995578947368421	(direct) / (none)	5
성심당몰 할인 주문 성심당 앱 다운로드 - 더픽	19.0	17.0	0.602689	31.72047368421053	(direct) / (none)	3
타이탄클래스 고객센터 바로가기 - 더픽	29.0	23.0	0.602294	20.768758620689653	(direct) / (none)	3
삼성페이 오류 해결하기 - 더픽	36.0	35.0	0.594194	16.505388888888888	(direct) / (none)	1
틱톡 영상 다운로드 방법 - 더픽	60.0	48.0	0.593675	9.894583333333333	(direct) / (none)	3
KFC치킨나이트 시간 배달 메뉴 배민 어플 - 더픽	153.0	146.0	0.592085	3.8698366013071896	m.search.naver.com / referral	6
한부모가정 지원금 신청하기 - 더픽	22.0	22.0	0.582566	26.480272727272727	(direct) / (none)	2
미스트롯4 전국투어 콘서트 예매 - 더픽	18.0	18.0	0.578839	32.15772222222222	(direct) / (none)	1
케이카 고객센터 바로가기 - 더픽	43.0	40.0	0.578554	13.454744186046513	m.search.naver.com / referral	3
교육급여 바우처 홈페이지 바로가기 (e-voucher.kosaf.go.kr) - 더픽	27.0	23.0	0.575868	21.328444444444447	m.search.naver.com / referral	6
부동산 공시가격 조회 - 공동주택, 개별주택, 토지 공시지가 열람	40.0	31.0	0.573326	14.33315	(direct) / (none)	1
비플페이 사용처 가맹점 정리 - 더픽	51.0	45.0	0.568457	11.14621568627451	(direct) / (none)	4
환급금 조회 홈택스 국세 병원비 자동차 채권 세금 지방세 통신비 환급금 조회 - 더픽	16.0	16.0	0.56804	35.5025	(direct) / (none)	4
전국 주요 홈쇼핑 TV 편성표 모음 (CJ, 롯데, 현대, GS, 홈앤쇼핑, NS)	32.0	23.0	0.564098	17.6280625	bing / organic	3
밀양 산불 실시간 현황 바로보기 - 더픽	84.0	62.0	0.562506	6.6964999999999995	m.search.naver.com / referral	6
넷마블 바로가기 및 모바일 앱 다운로드	9.0	8.0	0.54988	61.09777777777778	(direct) / (none)	1
2026 나는솔로런 신청하기 - 더픽	72.0	63.0	0.5492400000000001	7.628333333333334	(direct) / (none)	3
생리용품 그냥드림 공공생리대 그냥드림사업 생리대 위치 - 더픽	43.0	38.0	0.54853	12.756511627906976	(direct) / (none)	6
넷플릭스 참교육 몇부작 내용 공개 OTT 바로가기 - 더픽	40.0	39.0	0.545792	13.644800000000002	m.search.naver.com / referral	6
네스프레소 서비스센터 as 수리 접수 위치 전화번호 바로가기 - 더픽	30.0	25.0	0.5452849999999999	18.176166666666663	(direct) / (none)	5
젠슨황 방한 수혜주 주식 관련주 정리 - 더픽	53.0	51.0	0.5367129999999999	10.126660377358489	m.search.naver.com / referral	6
표준지 공시지가 조회하기 - 더픽	30.0	27.0	0.5329510000000001	17.765033333333335	naver / cpc	2
화물운송종사 자격시험 보수교육 자격증 시험 정보 안내 - 더픽	12.0	11.0	0.5319670000000001	44.33058333333334	(direct) / (none)	5
경기도청 홈페이지 바로가기 - 더픽	11.0	9.0	0.527955	47.99590909090909	(direct) / (none)	2
21세기 대군부인 팝업 예약하기 - 더픽	40.0	29.0	0.526507	13.162674999999998	(direct) / (none)	1
흥국생명 고객센터 바로가기 - 더픽	19.0	14.0	0.525157	27.639842105263156	(direct) / (none)	1
스페셜포스 리마스터 바로가기 - 더픽	60.0	57.0	0.516366	8.6061	(direct) / (none)	4
운명전쟁 지선도령 예약하기 - 더픽	118.0	110.0	0.514876	4.36335593220339	(direct) / (none)	3
자동차대출 갈아타기 개인사업자 신용대출 전세대출 주택담보대출 조건 금리 증액 방법 기간 조회하기 - 더픽	34.0	28.0	0.5143479999999999	15.127882352941173	(direct) / (none)	7
소비자24 홈페이지 바로가기 - 더픽	17.0	18.0	0.512854	30.16788235294118	(direct) / (none)	2
삼성카드 홈페이지 바로가기 - 더픽	16.0	13.0	0.504807	31.5504375	(direct) / (none)	1
토스뱅크 고객센터 바로가기 - 더픽	23.0	22.0	0.504276	21.925043478260868	(direct) / (none)	2
칼로리 계산기 - 더픽	132.0	106.0	0.500732	3.7934242424242424	(direct) / (none)	1
전북도청 홈페이지 바로가기 - 더픽	17.0	16.0	0.497233	29.249	(direct) / (none)	3
목포 제주도 배편 예약 바로가기 - 더픽	36.0	32.0	0.494616	13.739333333333333	(direct) / (none)	2
긴급생계비대출 100만원 당일 입금받는 법 (현 불법사금융예방대출) - 더픽	17.0	16.0	0.486156	28.597411764705882	(direct) / (none)	4
2026 남원시 민생안정지원금 신청방법: 1인 20만원, 5부제/서류 완벽 정리 - 더픽	22.0	22.0	0.482738	21.94263636363636	m.search.naver.com / referral	2
한게임 바둑 장기 오목 바로가기 - 더픽	16.0	11.0	0.478493	29.9058125	(direct) / (none)	2
초중고 교육급여 교육비 지원 신청하기 - 더픽	44.0	39.0	0.472439	10.73725	(direct) / (none)	2
일월당 경민만신 예약하기 - 더픽	41.0	35.0	0.467362	11.399073170731707	(direct) / (none)	2
쿠팡 개인정보 유출 | 집단소송 참여방법 및 신청 | 집단소송 카페정보 - 더픽	23.0	16.0	0.46731100000000003	20.317869565217393	m.search.naver.com / referral	3
서울시50플러스 일자리 구인구직 지역별 센터 바로가기 - 더픽	23.0	19.0	0.46488	20.21217391304348	(direct) / (none)	2
티빙 고객센터 전화번호 상담원 연결 운영시간 바로가기 - 더픽	37.0	28.0	0.463356	12.523135135135135	(direct) / (none)	2
2026 근로장려금 신청 - 더픽	20.0	18.0	0.461024	23.0512	(direct) / (none)	3
SSG 고객센터 바로가기 - 더픽	17.0	17.0	0.460997	27.117470588235296	(direct) / (none)	1
한메일 로그인 바로가기 - 더픽	21.0	21.0	0.458028	21.81085714285714	brunch.co.kr / referral	3
네이버 한자 필기입력기 쉽게 사용하는 방법 - 더픽	20.0	16.0	0.45731199999999994	22.865599999999997	m.search.naver.com / referral	5
부모님 건강보험 피부양자 등록 방법 서류 조회 조건 바로가기 - 더픽	61.0	58.0	0.456377	7.481590163934426	(direct) / (none)	4
내보험찾아줌 환급 입금 조회 받는법 - 더픽	15.0	14.0	0.448783	29.918866666666666	(direct) / (none)	2
국민은행 고객센터 상담원 연결 전화번호 및 영업시간 (24시간 빠른 연결 팁) - 더픽	78.0	74.0	0.447565	5.738012820512821	(direct) / (none)	3
애니어그램 테스트 사이트 무료 바로가기 - 더픽	32.0	24.0	0.443738	13.8668125	(direct) / (none)	1
성인애착유형검사 테스트 질문지 ecr 바로가기 - 더픽	43.0	37.0	0.44367999999999996	10.31813953488372	(direct) / (none)	5
kb차차차 고객센터 바로가기 - 더픽	20.0	18.0	0.43884800000000007	21.942400000000003	m.search.naver.com / referral	3
메가박스 홈페이지 바로가기 - 더픽	13.0	11.0	0.43875500000000006	33.75038461538462	(direct) / (none)	3
치지직 월드컵 중계 바로가기 - 더픽	56.0	47.0	0.436305	7.791160714285714	contents.premium.naver.com / referral	5
세람저축은행 고객센터 바로가기 - 더픽	8.0	7.0	0.434817	54.352125	(direct) / (none)	2
정치성향판별기 바로가기 https://www.politicaltests.com/ - 더픽	122.0	97.0	0.433324	3.5518360655737706	(direct) / (none)	5
상속세계산기 5억 1억 사이트 기준 홈택스 바로가기 - 더픽	12.0	11.0	0.429197	35.76641666666667	(direct) / (none)	3
토스 페이스페이 삭제방법 - 더픽	25.0	21.0	0.429099	17.16396	(direct) / (none)	1
성북사랑상품권 사용처 가맹점 찾기 - 더픽	80.0	73.0	0.427799	5.3474875	(direct) / (none)	3
아우디 고객센터 바로가기 - 더픽	39.0	38.0	0.422138	10.824051282051283	m.search.naver.com / referral	4
스팀 고객센터 문의 이메일 전화번호 답변 시간 안내 - 더픽	128.0	125.0	0.421489	3.2928828125	(direct) / (none)	6
2026년 새출발기금 신청자격 및 방법 총정리 (기간 연장, 서류, 감면율) - 더픽	23.0	22.0	0.420897	18.299869565217392	m.search.naver.com / referral	4
타이젬 바둑 정보 총정리 — 용어부터 AI 대국분석까지 | 주카 비즈	19.0	15.0	0.416661	21.929526315789474	bing / organic	5
브라더 프린터 드라이버 설치 및 다운로드 바로가기 - 더픽	22.0	18.0	0.415287	18.87668181818182	(direct) / (none)	5
벤츠 시승 신청하기 - 더픽	53.0	47.0	0.408861	7.714358490566037	(direct) / (none)	4
내일로 KTX 3일권 7일권 예매 방법 가격 나이 - 더픽	58.0	56.0	0.401605	6.924224137931034	playtherapy.or.kr / referral	2
차즘 장기렌트 리스 후기 - 더픽	17.0	16.0	0.401458	23.61517647058823	(direct) / (none)	4
샤오미 as센터 고객센터 바로가기 - 더픽	34.0	28.0	0.400453	11.778029411764706	m.search.naver.com / referral	3
프리티 고객센터 바로가기 - 더픽	24.0	18.0	0.393824	16.409333333333336	m.search.naver.com / referral	3
퇴사자 연말정산 안 하면 손해? 결정세액 확인하고 13월의 월급 챙기는 법 - 더픽	89.0	71.0	0.387489	4.353808988764045	(direct) / (none)	3
샤크선풍기 솔직 후기 - 사용해보고 놀란 장단점과 완벽 구매 가이드 - 더픽	53.0	49.0	0.387339	7.308283018867924	m.search.naver.com / referral	3
악건성 피부가 직접 써본 다이소 5천원 화장품 2주 사용 후기 (품절 주의) - 더픽	87.0	76.0	0.38089599999999996	4.378114942528735	m.search.naver.com / referral	3
티켓베이 고객센터 바로가기 - 더픽	62.0	51.0	0.380281	6.133564516129032	m.search.naver.com / referral	3
마운자로 FAQ | 효과, 사용법, 부작용과 진료 전 체크리스트	48.0	39.0	0.379269	7.9014375	(direct) / (none)	1
주요 방송사 편성표 및 라디오 일정	139.0	107.0	0.378465	2.722769784172662	(direct) / (none)	3
11번가 고객센터 바로가기 - 더픽	11.0	10.0	0.37552900000000006	34.139	(direct) / (none)	3
GTX-A 노선 시간표 요금 타는법 - 더픽	33.0	28.0	0.372545	11.289242424242424	(direct) / (none)	1
한국도로공사 미납 통행료 조회 바로가기 | 고속도로 하이패스 미납 조회 및 납부 방법	46.0	35.0	0.371293	8.071586956521738	(direct) / (none)	3
유튜브 리밴스드(YouTube ReVanced) 설치 가이드 - 최신 완벽 정리	124.0	66.0	0.356316	2.8735161290322586	(direct) / (none)	3
전북은행 JB슈퍼씨드 적금 가입하기 - 더픽	23.0	23.0	0.354676	15.420695652173912	m.search.naver.com / referral	4
아웃백 할인쿠폰 할인카드 상품권 바로가기 - 더픽	55.0	50.0	0.351658	6.393781818181819	(direct) / (none)	2
신협 고객센터 바로가기 - 더픽	25.0	22.0	0.34919300000000003	13.967720000000002	m.search.naver.com / referral	3
쿠팡 고객센터 전화번호 상담사연결 영업시간 - 더픽	13.0	11.0	0.34726999999999997	26.71307692307692	(direct) / (none)	4
JT저축은행 고객센터 전화번호 상담원연결 바로가기 - 더픽	19.0	16.0	0.347242	18.275894736842105	(direct) / (none)	1
주택연금 수령액 계산하기 - 더픽	18.0	17.0	0.345691	19.205055555555557	(direct) / (none)	2
삼성전자 BESPOKE AI 콤보 세탁기 후기 – 믿을 수 없는 편리함과 솔직한 장단점, 구매 전 필독 가이드 - 더픽	20.0	21.0	0.34482999999999997	17.2415	m.search.naver.com / referral	5
[2026년 한시적용] RIA(국내시장복귀계좌) 개설 - 더픽	17.0	15.0	0.344539	20.267	(direct) / (none)	2
국가유산청 여권 신청 바로가기 | 국가유산 방문자 여권	9.0	4.0	0.34363	38.18111111111111	(direct) / (none)	1
국가장학금 신청 대상 신청방법 바로가기 - 더픽	29.0	28.0	0.343136	11.832275862068965	(direct) / (none)	3
대한민국 오스트리아 평가전 실시간 중계 바로가기 - 더픽	10.0	9.0	0.337197	33.7197	(direct) / (none)	1
신한라이프 고객센터 바로가기 - 더픽	21.0	20.0	0.332987	15.85652380952381	(direct) / (none)	1
엠게임 바둑·오목·포커 정보 총정리 — 설치 방법부터 급수·종류까지 | 주카 비즈	42.0	39.0	0.33168200000000003	7.897190476190477	bing / organic	6
장병내일준비적금 바로가기 - 더픽	99.0	83.0	0.330387	3.337242424242424	(direct) / (none)	2
gpt 챗gpt 가격 할인 인하 무료 요금제 할인 받는 법 - 더픽	23.0	18.0	0.329328	14.318608695652175	playtherapy.or.kr / referral	4
2026 예술활동준비금 신청하기 - 더픽	17.0	14.0	0.326331	19.195941176470587	(direct) / (none)	1
국민건강보험 고객센터 바로가기 - 더픽	7.0	5.0	0.325131	46.44728571428571	(direct) / (none)	1
겜스고 유튜브 챗gpt 할인코드 TA9Y3 바로가기 - 더픽	155.0	147.0	0.32471300000000003	2.0949225806451617	(direct) / (none)	4
청년 근속지원금 청년근속 인센티브 신청 바로가기 - 더픽	47.0	42.0	0.322773	6.867510638297872	(direct) / (none)	3
청년미래적금 신청기간 신청 조건 금리 정리 - 더픽	39.0	30.0	0.32113600000000003	8.23425641025641	(direct) / (none)	3
고속버스터미널 시외버스터미널 버스 예매 바로가기 - 더픽	17.0	16.0	0.320368	18.845176470588232	contents.premium.naver.com / referral	4
대학교 성적 증명서 인터넷 발급 방법 PDF 다운로드 - 더픽	45.0	40.0	0.31806399999999996	7.068088888888888	(direct) / (none)	5
돌봄수당 신청방법 및 지급금액 신청하기 - 더픽	9.0	9.0	0.316789	35.19877777777777	(direct) / (none)	2
"남들보다 싸게" 대형마트 휴무일과 마감 할인 시간대 완벽 정리 - 더픽	49.0	47.0	0.31438600000000005	6.416040816326532	m.search.naver.com / referral	4
K패스·자동차세·통신비 환급금 조회 총정리 — 납부, 환급, 미환급금 찾기 | 주카 비즈	35.0	22.0	0.31237299999999996	8.924942857142856	m.search.naver.com / referral	5
듀오백 고객센터 전화번호 1:1문의 채팅 상담 - 더픽	22.0	13.0	0.31133700000000003	14.151681818181821	(direct) / (none)	4
경기도 청년복지포인트 신청방법 대상 서류 신청기간 - 더픽	44.0	38.0	0.310817	7.064022727272728	(direct) / (none)	3
갤럭시 S26 울트라 S펜 블루투스 구매하기 - 더픽	25.0	24.0	0.308708	12.34832	(direct) / (none)	3
다주택자 양도세 중과 유예, 2026년 5월 9일 넘기면 세금 2억 더 냅니다 - 더픽	77.0	74.0	0.307825	3.9977272727272726	m.search.naver.com / referral	3
문화상품권 사용처 오프라인 온라인 조회하기 - 더픽	27.0	22.0	0.303187	11.229148148148148	(direct) / (none)	3
키크니 특별전 할인 일정 시간 장소 굿즈 예매 바로가기 - 더픽	63.0	55.0	0.30006	4.7628571428571425	(direct) / (none)	6
퍼실 파워젤 딥클린 라벤더 3년 사용 후기 (섬유유연제 없이 빨래 냄새 잡는 법) - 더픽	100.0	92.0	0.29456999999999994	2.9456999999999995	m.search.naver.com / referral	3
코레일 고객센터 전화번호 영업시간 상담원연결 바로가기 - 더픽	28.0	21.0	0.29381499999999994	10.493392857142856	(direct) / (none)	3
지역사랑 휴가지원 대한민국 반값 여행 바로가기 - 더픽	34.0	28.0	0.288061	8.472382352941176	(direct) / (none)	1
집안 냄새 완벽 제거 매뉴얼: 세탁기부터 하수구까지 구역별 해결법 - 더픽	47.0	42.0	0.287673	6.120702127659574	m.search.naver.com / referral	4
롯데시네마 고객센터 바로가기 - 더픽	7.0	6.0	0.285817	40.830999999999996	(direct) / (none)	1
2026 연말정산 월세 세액공제 조건 및 신청방법 총정리 (소득공제와 차이점 비교) - 더픽	53.0	49.0	0.282509	5.330358490566038	(direct) / (none)	6
2026 한일가왕전 재방송 다시보기 티빙 웨이브 - 더픽	15.0	14.0	0.282212	18.814133333333334	(direct) / (none)	3
한능검 시험일정 원서접수 바로가기 - 더픽	81.0	75.0	0.281077	3.4700864197530867	m.search.naver.com / referral	5
탄소중립포인트 자동차 신청 바로가기 - 더픽	26.0	25.0	0.279475	10.749038461538461	(direct) / (none)	2
코스트코 회원권 갱신할까 말까? 2인 가구 기준 본전 뽑는 결제 금액 계산기 - 더픽	56.0	55.0	0.278253	4.968803571428571	m.search.naver.com / referral	5
가비아 고객센터 바로가기 - 더픽	30.0	29.0	0.275474	9.182466666666667	naver / organic	3
휴면계좌 통합조회 | 계좌정보통합관리서비스 - 더픽	6.0	6.0	0.27440200000000003	45.73366666666667	(direct) / (none)	4
웨이브 고객센터 바로가기 - 더픽	12.0	11.0	0.27173600000000003	22.64466666666667	m.search.naver.com / referral	3
유튜브 음원추출 사이트 y2mate mp3 변환 총정리 — 사용법부터 주의사항까지 | 주카 비즈	46.0	47.0	0.27138599999999996	5.899695652173912	naver / cpc	5
엡손 프린터 드라이버 다운로드 설치 방법 바로가기 - 더픽	19.0	16.0	0.26968200000000003	14.193789473684213	(direct) / (none)	5
BTS WORLD TOUR ‘ARIRANG’ IN GOYANG 예매하기 - 더픽	30.0	29.0	0.266789	8.892966666666666	(direct) / (none)	2
싸이 흠뻑쇼 2026 일정 티켓팅 선예매 티켓 예매 정리 - 더픽	50.0	45.0	0.260328	5.20656	(direct) / (none)	4
노경은 나무위키 바로가기 - 더픽	65.0	60.0	0.258792	3.981415384615385	m.search.naver.com / referral	3
케이뱅크 엽기떡볶이 엽떡 회원가입 바로가기 - 더픽	52.0	41.0	0.25604200000000005	4.923884615384616	(direct) / (none)	4
다주택자 양도세 중과 지역 현황 대상 지방 기준 총정리 - 더픽	37.0	35.0	0.25488099999999997	6.888675675675675	(direct) / (none)	3
50대 부부 국내 여행지 추천 TOP5 – 조용하고 힐링되는 곳만 모았습니다 - 더픽	46.0	43.0	0.254071	5.523282608695652	m.search.naver.com / referral	4
로또 온라인 구매 방법 | 추운 날 복권방 가지 마세요! 휴대폰으로 1분 만에 (2026 모바일 최신) - 더픽	13.0	12.0	0.252688	19.437538461538466	m.search.naver.com / referral	4
주휴수당 계산기 (2026년 최저시급 반영) - 더픽	54.0	51.0	0.251937	4.665500000000001	m.search.naver.com / referral	6
애플 에어팟 as센터 바로가기 - 더픽	26.0	24.0	0.251918	9.689153846153845	(direct) / (none)	2
ebs 고객센터 전화번호 상담원 연결 바로가기 - 더픽	11.0	8.0	0.251739	22.885363636363635	(direct) / (none)	4
청년내일저축계좌 조건 소득기준 대상 신청방법 안내 - 더픽	76.0	70.0	0.251519	3.3094605263157892	(direct) / (none)	3
이야기모바일 고객센터 바로가기 - 더픽	7.0	7.0	0.248838	35.54828571428571	(direct) / (none)	1
시드물 고객센터 전화번호 영업시간 상담사연결 - 더픽	17.0	12.0	0.248036	14.590352941176471	m.search.naver.com / referral	4
루메나선풍기 후기 - 솔직한 장단점과 구매 전 꼭 알아야 할 모든 것 - 더픽	27.0	26.0	0.246394	9.125703703703703	m.search.naver.com / referral	3
함양 산불 실시간 현황 바로가기 - 더픽	20.0	19.0	0.246382	12.319099999999999	m.search.naver.com / referral	3
부동산 중개수수료(복비) 계산기 - 더픽	12.0	11.0	0.24634999999999999	20.529166666666665	kunsan.ac.kr / referral	3
케이뱅크 잔고증명서 출력 발급 pdf - 더픽	37.0	32.0	0.24591600000000002	6.646378378378379	(direct) / (none)	4
영끌남 빌딩주스쿨 고객센터 바로가기 - 더픽	31.0	27.0	0.24509699999999998	7.906354838709677	(direct) / (none)	4
빽다방 청주내수점 알바 갑질 논란 영상으로 자세히보기 - 더픽	100.0	98.0	0.244978	2.44978	m.search.naver.com / referral	3
기아 고객센터 바로가기 - 더픽	16.0	16.0	0.242866	15.179124999999999	(direct) / (none)	2
버거킹 메뉴 신메뉴 행사 할인 메뉴 추천 - 더픽	23.0	21.0	0.242673	10.551	(direct) / (none)	3
넥슨 고객센터 바로가기 - 더픽	56.0	46.0	0.240772	4.2995	(direct) / (none)	4
알리 익스프레스 고객센터 바로가기 - 더픽	13.0	11.0	0.240768	18.520615384615386	(direct) / (none)	2
건강검진 내시경 가격 비교 여기서! - 더픽	50.0	50.0	0.24062499999999998	4.8125	(direct) / (none)	5
2026년 LH 청년전세임대주택 완벽 가이드: 최대 1.2억 원 전세 지원! - 더픽	58.0	54.0	0.23898899999999998	4.1205	m.search.naver.com / referral	7
삼성전자 · SK하이닉스 단일종목 레버리지 ETF 출시 안내 및 전 은행·증권사 바로가기	8.0	8.0	0.237517	29.689625	(direct) / (none)	1
부동산 매매 추가비용 완벽 가이드 | 예상 못한 비용 8가지아파트 매매 시 꼭 알아야 할 숨어있는 추가 비용 8가지 완벽 가이드 - 더픽	90.0	84.0	0.237413	2.6379222222222225	m.search.naver.com / referral	3
주휴수당 계산기 방법 앱 엑셀 계산법 바로가기 - 더픽	23.0	23.0	0.234398	10.191217391304347	(direct) / (none)	3
2026 올림픽 메달별 포상금 총정리 및 연금 점수표 (세금 0원 계산법) - 더픽	27.0	26.0	0.23422199999999999	8.674888888888889	m.search.naver.com / referral	3
미래에셋생명 고객센터 바로가기 - 더픽	27.0	25.0	0.230918	8.552518518518518	m.search.naver.com / referral	3
애플 AS센터 서비스센터 바로가기 - 더픽	30.0	27.0	0.22605	7.535	(direct) / (none)	3
한화생명 고객센터 바로가기 - 더픽	12.0	12.0	0.226028	18.83566666666667	(direct) / (none)	1
조용필 노래모음 신곡 히트곡 대표곡 무료 재생 연속 듣기 - 더픽	7.0	4.0	0.225238	32.17685714285714	(direct) / (none)	1
연말정산 교복비, 간소화 서비스에 없다면? 1인당 최대 7만원 환급받는 필수 서류 챙기기 - 더픽	59.0	52.0	0.223164	3.7824406779661017	m.search.naver.com / referral	3
기후행동 기회소득 어플 설치 및 다운로드 - 더픽	9.0	9.0	0.22216999999999998	24.685555555555553	(direct) / (none)	3
부동산거래계약신고필증 조회 발급 방법 알아보기 - 더픽	20.0	16.0	0.221092	11.0546	(direct) / (none)	2
이마트 트레이더스 재고조회 하는법 링크 바로가기 - 더픽	116.0	100.0	0.21915999999999997	1.8893103448275859	(direct) / (none)	7
인스타그램 고객센터 바로가기 - 더픽	57.0	51.0	0.21846200000000002	3.832666666666667	m.search.naver.com / referral	4
미국주식 배당 계산기 바로가기 - 더픽	28.0	24.0	0.217876	7.781285714285714	(direct) / (none)	2
보배드림 고객센터 바로가기 - 더픽	15.0	13.0	0.21521600000000002	14.347733333333334	(direct) / (none)	2
오늘의 날씨 정보 및 기상청 날씨누리 바로가기 | 전국 동네 예보	32.0	26.0	0.214812	6.712875	(direct) / (none)	2
[1인 50만 원] 2026 영동군 민생안정지원금 신청 방법과 대리 수령 서류 완벽 정리 - 더픽	16.0	14.0	0.212754	13.297125	m.search.naver.com / referral	3
공유누리사이트가 뭐야? 공공시설 예약이 이렇게 쉬웠다니! - 더픽	13.0	13.0	0.212228	16.325230769230767	m.search.naver.com / referral	3
YTN 라이브 편성표 바로가기 - 더픽	19.0	18.0	0.211324	11.122315789473685	(direct) / (none)	2
카카오뱅크 마이너스통장 개설 조건 서류 시간 소요시간 방법 - 더픽	12.0	12.0	0.21121	17.600833333333334	kgeu.org / referral	4
설악산 케이블카 예약 시간 가격 할인 바로가기 - 더픽	10.0	9.0	0.211019	21.1019	(direct) / (none)	3
교보생명 고객센터 전화번호 콜센터 보험청구 상담원 연결 - 더픽	12.0	9.0	0.209163	17.430249999999997	(direct) / (none)	1
2026 무한도전런 무도런 티켓팅 접수 마라톤 신청 예매 방법 정리 - 더픽	52.0	51.0	0.20528	3.9476923076923076	(direct) / (none)	5
서울사랑상품권 광역 온라인 오프라인 구매 사용처 정리 - 더픽	86.0	72.0	0.20419	2.3743023255813958	(direct) / (none)	3
SC제일은행 고객센터 앱 다운로드 - 더픽	9.0	8.0	0.203902	22.65577777777778	(direct) / (none)	1
[로또 명당 총정리] 1등 당첨 확률 높은 전국 판매점 TOP 20 & 네이버 지도 리스트 - 더픽	45.0	42.0	0.203669	4.525977777777777	m.search.naver.com / referral	5
시마노 낚시릴 후기 – 솔직하게 밝히는 놀라운 장점과 아쉬운 단점, 구매 전 필독 가이드 - 더픽	17.0	17.0	0.202272	11.898352941176471	m.search.naver.com / referral	3
ADsP 시험일정 접수 바로가기 - 더픽	60.0	55.0	0.197675	3.2945833333333328	(direct) / (none)	3
2026년 연말정산 환급금 조회법| 네이버페이 연말정산 모의계산으로 1분 만에 해결하기 - 더픽	15.0	14.0	0.19756500000000002	13.171000000000001	m.search.naver.com / referral	3
2만 명 선착순! 손목닥터9988 포인트로 갤럭시 핏3 5만 원대에 득템하는 법 - 더픽	4.0	4.0	0.196729	49.182249999999996	(direct) / (none)	2
다이소몰 앱 다운로드 - 더픽	9.0	9.0	0.195456	21.717333333333332	(direct) / (none)	1
자영업자 실업급여 신청방법 및 서류, 7개월간 월 200만 원 수령 가이드 - 더픽	11.0	9.0	0.19545400000000002	17.768545454545457	(direct) / (none)	3
위켄드 내한 예매 가격 티켓 일정 예약 바로가기 - 더픽	57.0	55.0	0.194938	3.419964912280702	(direct) / (none)	5
페이지가 없습니다. - 더픽	161.0	153.0	0.19362499999999996	1.2026397515527947	(direct) / (none)	14
2026년 파킹통장 추천 TOP4 - 더픽	22.0	22.0	0.191054	8.684272727272727	m.search.naver.com / referral	6
2026년 신혼부부 매매대출 1순위, 디딤돌대출 소득 요건 및 금리 완벽 정리 - 더픽	33.0	29.0	0.18976999999999997	5.750606060606059	m.search.naver.com / referral	4
꿈수저 청년장학금 17기 신청 조건, 소득 기준, 서류 - 더픽	59.0	51.0	0.18954100000000002	3.2125593220338984	(direct) / (none)	3
우체국보험 고객센터 바로가기 - 더픽	10.0	10.0	0.188052	18.805200000000003	(direct) / (none)	1
아리수 고객센터 바로가기 - 더픽	23.0	22.0	0.187505	8.152391304347827	(direct) / (none)	3
실업급여 조건 계산기 금액 수급기간 구직급여 신청방법 - 더픽	18.0	17.0	0.187354	10.408555555555555	naver / cpc	3
신혼부부 꼭보세요, 식비를 절약해주는 바퀜 진공용기, 3개월 써보고 느낀 솔직한 후기 - 더픽	64.0	63.0	0.186127	2.9082343749999997	m.search.naver.com / referral	5
간병보험, 왜 필요한가? 혜택과 가입 시 고려사항 - 더픽	5.0	4.0	0.185867	37.1734	m.search.naver.com / referral	2
일드맥스 ETF 양도세 헷지 전략 완벽 가이드 | 손익통산으로 절세하는 방법 - 더픽	89.0	76.0	0.185721	2.0867528089887637	m.search.naver.com / referral	5
2025년 종합소득세 환급일 안내 - 환급금 빨리 받는 법 - 더픽	21.0	21.0	0.18537900000000002	8.82757142857143	m.search.naver.com / referral	3
아이유베개 후기 - 믿을 수 없는 숙면 변화! 솔직한 장단점과 구매 가이드 - 더픽	8.0	8.0	0.184251	23.031375	m.search.naver.com / referral	3
티빙 고객센터 바로가기 - 더픽	31.0	27.0	0.184111	5.939064516129032	m.search.naver.com / referral	3
2026년 충북 민생안정지원금 총정리: 보은·영동·괴산 금액 및 일정 비교 - 더픽	22.0	19.0	0.183676	8.34890909090909	m.search.naver.com / referral	4
표준주택 공시가격 조회하기 - 더픽	17.0	16.0	0.182667	10.745117647058823	(direct) / (none)	1
여의도 봄꽃축제 바로가기 - 더픽	11.0	7.0	0.181148	16.468	(direct) / (none)	1
기초연금 모의계산 바로가기 - 더픽	14.0	14.0	0.18079599999999998	12.913999999999998	(direct) / (none)	3
실업급여 대상·조건 총정리 — 계약만료·권고사직·정년퇴직·일용직 상황별 안내 | 생활정보 나침반	46.0	28.0	0.177085	3.8496739130434783	naver / cpc	11
실시간 금시세 조회 - KRX, 한국금거래소, 네이버, 삼성, 우리은행	28.0	20.0	0.176418	6.300642857142857	(direct) / (none)	1
공인중개사 기출문제 및 정답해설 다운로드	77.0	54.0	0.174706	2.2689090909090908	(direct) / (none)	2
4대보험 가입확인서 발급하기 - 더픽	32.0	33.0	0.17267400000000002	5.396062500000001	(direct) / (none)	5
쿠팡플레이(Coupang Play) 공식 홈페이지 및 앱 다운로드 안내	69.0	56.0	0.17258800000000002	2.501275362318841	(direct) / (none)	2
도시가스 고객센터 바로가기 - 더픽	5.0	5.0	0.171291	34.2582	(direct) / (none)	3
다올디지털뱅크 다올저축은행 고객센터 앱 다운로드 - 더픽	15.0	9.0	0.17083399999999999	11.388933333333332	(direct) / (none)	3
한화이글스 2026 시즌권 구매하기 - 더픽	33.0	32.0	0.17058500000000001	5.169242424242424	m.search.naver.com / referral	4
삼성전자 감사제 페스티벌 온누리상품권 환급 신청 방법	22.0	17.0	0.168858	7.675363636363636	(direct) / (none)	1
운전면허증 분실 재발급 준비물 온라인 당일 기간 신청 - 더픽	10.0	11.0	0.167114	16.7114	(direct) / (none)	5
코레일 고객센터 바로가기 - 더픽	19.0	18.0	0.16688	8.783157894736842	(direct) / (none)	3
통영 케이블카 예매 시간 가격 할인 바로가기 - 더픽	9.0	9.0	0.166219	18.468777777777778	(direct) / (none)	2
2026년 군산사랑상품권 구매처, 한도 및 사용법 총정리 (10% 할인 혜택) - 더픽	4.0	4.0	0.165446	41.3615	(direct) / (none)	2
사업장관리번호 발급 확인 조회방법 알아보기 - 더픽	4.0	5.0	0.164611	41.152750000000005	(direct) / (none)	2
BMI 계산기 체지방률 비만도 체크하기 - 더픽	47.0	38.0	0.159145	3.386063829787234	(direct) / (none)	4
삼성프린터 드라이버 다운로드 설치 방법 바로가기 - 더픽	16.0	16.0	0.158404	9.90025	(direct) / (none)	4
대전자동차부품공장 화재 CCTV 바로가기 - 더픽	31.0	22.0	0.157893	5.093322580645161	(direct) / (none)	1
OGFC vs 수원삼성 레전드 중계 정보 - 더픽	9.0	9.0	0.157617	17.513	(direct) / (none)	1
국민체력100 바로가기 - 더픽	12.0	11.0	0.157532	13.127666666666668	(direct) / (none)	2
사냥개들2 등장인물 몇 부작 넷플릭스 보러가기 - 더픽	15.0	15.0	0.157394	10.492933333333335	m.search.naver.com / referral	2
2026년 전국 벚꽃 개화시기 - 더픽	9.0	9.0	0.155782	17.30911111111111	(direct) / (none)	1
알툴즈 (ALTools) 공식 다운로드 센터 - 알집, 알키퍼, 알PDF 등	38.0	35.0	0.15387199999999998	4.049263157894736	(direct) / (none)	4
한글 단축키 모음 (검색해서 활용하세요) - 더픽	97.0	92.0	0.152564	1.5728247422680413	naver / organic	4
서울 3대 마라톤 접수 일정 바로가기 - 더픽	16.0	16.0	0.152046	9.502875	(direct) / (none)	3
에어컨 청소가격 비교 바로가기 - 더픽	15.0	15.0	0.151767	10.1178	(direct) / (none)	1
바둑 게임 정보 총정리 — 타이젬·피망·넷마블·엠게임·한게임 한눈에 보기 | 주카 비즈	22.0	12.0	0.150415	6.837045454545454	naver / organic	5
출국납부금 환급 조회 신청 바로가기 - 더픽	20.0	20.0	0.14924	7.462000000000001	(direct) / (none)	1
[4인 가족 240만원] 보은군 민생지원금 신청 기간과 사용처, 모르면 손해 보는 포인트 총정리 - 더픽	10.0	10.0	0.148473	14.847299999999999	m.search.naver.com / referral	3
cafe24 고객센터 바로가기 - 더픽	12.0	12.0	0.14831899999999998	12.359916666666665	(direct) / (none)	3
신한은행 이체확인증 인쇄하기 - 더픽	39.0	38.0	0.148314	3.802923076923077	(direct) / (none)	1
애니데스크(AnyDesk) 무료 다운로드 | Windows 원격 제어 프로그램	13.0	7.0	0.146732	11.287076923076924	(direct) / (none)	1
세일즈랩 고객센터 바로가기 - 더픽	24.0	22.0	0.142347	5.931125	(direct) / (none)	3
이미지 용량 줄이기, 아직도 그냥 올리세요? 로딩 속도 2배 빨라지는 무료 꿀팁 3선 - 더픽	19.0	18.0	0.142232	7.485894736842106	(direct) / (none)	1
핏크닉 고객센터 바로가기 - 더픽	11.0	7.0	0.137388	12.489818181818183	(direct) / (none)	1
행복주택 신청 입주자격 공고 대출 lh sh 안내 - 더픽	16.0	15.0	0.137358	8.584875	(direct) / (none)	4
2026 공무원봉급표: 9년 만의 최고 인상률 3.5% 확정 - 더픽	58.0	34.0	0.137038	2.362724137931034	m.search.naver.com / referral	3
하스카프베리(댕댕이나무) 정보 총정리 — 묘목 판매처·재배·효능 표현 주의점 | 주카 비즈	42.0	39.0	0.136139	3.241404761904762	m.search.naver.com / referral	6
포티넷 파운더스컵 실시간 중계 바로가기 - 더픽	8.0	7.0	0.133151	16.643874999999998	m.search.naver.com / referral	2
[홈쇼핑 최신상] 가히 공주부양 샴푸 500ml 2개+30ml 볼륨 부스터 솔직 후기 - 더픽	8.0	7.0	0.132925	16.615624999999998	(direct) / (none)	2
클라우드플레어(CDN) 대규모 장애로 전세계 인터넷 마비 – 원인과 대응책 정리 - 더픽	32.0	27.0	0.131528	4.110250000000001	(direct) / (none)	1
손주돌봄수당 신청하기 - 더픽	12.0	12.0	0.130525	10.877083333333333	(direct) / (none)	1
강동헤리티지자이 청약 바로가기 - 더픽	25.0	21.0	0.128823	5.15292	naver / organic	3
서울국제도서전 2026 예매 방법 일정 주제 티켓 가격 - 더픽	23.0	17.0	0.127265	5.533260869565217	(direct) / (none)	2
공동주택 공시지가 조회 바로가기 - 더픽	18.0	16.0	0.125688	6.982666666666667	(direct) / (none)	2
한게임 모바일 앱 다운로드 센터	9.0	5.0	0.125484	13.942666666666668	(direct) / (none)	1
국군복지포탈 가족 승인 등록방법 - 더픽	6.0	4.0	0.125329	20.888166666666667	(direct) / (none)	2
다이소 쇼핑 전 필독 | 살림 고수만 아는 카테고리별 쇼핑 가이드 - 더픽	32.0	32.0	0.125011	3.9065937500000003	m.search.naver.com / referral	4
프리랜서 종합소득세 신고하기 - 더픽	16.0	15.0	0.124151	7.7594375	(direct) / (none)	2
젠슨황 방한 일정 날짜 정리 - 더픽	28.0	25.0	0.124068	4.431	(direct) / (none)	2
헌터 레인부츠 숏 키즈 미들 사이즈 구매 바로가기 - 더픽	37.0	37.0	0.12399	3.351081081081081	m.search.naver.com / referral	3
카톡 선물하기 환불머니 5만원 찾은 썰 (5년 지나면 소멸? 환급 신청 방법) - 더픽	40.0	39.0	0.12359600000000001	3.0899000000000005	m.search.naver.com / referral	4
통영 한산도 배편 예약 시간표 바로가기 - 더픽	10.0	11.0	0.12348100000000001	12.3481	(direct) / (none)	2
워터밤 2026 예매 방법 서울 부산 티켓팅 라인업 준비물 - 더픽	23.0	22.0	0.12289900000000001	5.343434782608696	(direct) / (none)	5
루메나선풍기 솔직 후기 - 믿을 수 없는 시원함과 실사용 장단점 총정리 - 더픽	40.0	40.0	0.121614	3.0403499999999997	m.search.naver.com / referral	3
65세 이상 경로우대 교통카드(실버패스) 발급방법 발급대상 - 더픽	10.0	10.0	0.121032	12.1032	m.search.naver.com / referral	3
아동수당 확대 지급일 언제까지 계좌변경 2026 금액 소급 신청 - 더픽	18.0	18.0	0.120677	6.704277777777778	(direct) / (none)	3
여론조사 전화 차단 방법 SKT LG KT 알뜰폰 아이폰 - 더픽	27.0	26.0	0.12065	4.468518518518518	m.search.naver.com / referral	3
마이리얼트립 고객센터 바로가기 - 더픽	8.0	8.0	0.120629	15.078625	(direct) / (none)	2
2026 연봉 실수령액 | 2026 연봉 실수령액 계산기 - 더픽	70.0	59.0	0.11997800000000002	1.713971428571429	(direct) / (none)	7
신생아 특례대출 vs 신혼부부 디딤돌 비교, 연봉 1.3억도 1%대 금리 받는 법 - 더픽	16.0	16.0	0.118048	7.378	m.search.naver.com / referral	5
퇴직금 계산법 완벽 정리 | 지급기준·기한·못 받았을 때 대처법 - 더픽	26.0	21.0	0.116787	4.491807692307693	m.search.naver.com / referral	3
구독료 최대 83% 할인, 공동구독 총정리 | 피클플러스	36.0	31.0	0.115889	3.219138888888889	(direct) / (none)	3
토스뱅크 잔고증명서 발급 출력 pdf - 더픽	18.0	18.0	0.115821	6.434499999999999	(direct) / (none)	4
애니데스크(AnyDesk) 다운로드부터 설치, 원격 연결 사용법까지 정보 총정리 | 주카 비즈	30.0	26.0	0.115321	3.844033333333334	naver / cpc	3
올림픽공원 주차장 혼잡도 및 앱 다운로드 바로가기	25.0	19.0	0.114409	4.57636	(direct) / (none)	1
공공기관 차량2부제 확인하기 - 더픽	22.0	22.0	0.113929	5.17859090909091	(direct) / (none)	2
뚜레쥬르 할인혜택 바로가기 - 더픽	23.0	22.0	0.112742	4.901826086956522	m.search.naver.com / referral	3
김부장 넷플릭스 ott 재방송 다시보기 - 더픽	22.0	22.0	0.112555	5.116136363636364	(direct) / (none)	4
파르페 알레르망 후기 – 솔직하게 털어놓는 페이드 다운필 차렵이불 세트의 놀라운 변화! - 더픽	21.0	21.0	0.112415	5.353095238095238	m.search.naver.com / referral	4
찾아줘세무사 종합소득세 양도세 수수료 종합 후기 - 더픽	27.0	27.0	0.112188	4.155111111111111	(direct) / (none)	2
초당옥수수 TOP 5 추천 - 실사용 후기와 추천 포인트 총정리 - 더픽	5.0	5.0	0.11172	22.343999999999998	m.search.naver.com / referral	2
피크노제놀 완벽 가이드: 효능과 부작용부터 올바른 섭취법까지 - 더픽	11.0	12.0	0.110235	10.021363636363635	m.search.naver.com / referral	3
화물차 유류보조금 신청하기 - 더픽	13.0	13.0	0.110146	8.472769230769229	(direct) / (none)	3
신도리코 프린터 드라이버 설치 및 다운로드 바로가기 - 더픽	25.0	23.0	0.107034	4.28136	(direct) / (none)	5
도미노피자 리센느 광고 보기 신메뉴 이벤트 할인 목요일 특가 총정리 - 더픽	17.0	17.0	0.10694899999999999	6.291117647058823	naver / referral	5
초당옥수수 후기 – 솔직하게 밝히는 놀라운 달콤함과 구매 전 꼭 알아야 할 포인트 - 더픽	6.0	5.0	0.106907	17.817833333333336	m.search.naver.com / referral	3
부정선거, 신의 작품인가 - 2025년 화제의 다큐멘터리 영화 다시보기 - 더픽	7.0	8.0	0.10648099999999999	15.211571428571427	(direct) / (none)	2
카카오페이 상품권 등록 방법 환불 사용처 조회 - 더픽	21.0	22.0	0.106094	5.052095238095237	m.search.naver.com / referral	5
다음 고객센터 바로가기 - 더픽	7.0	7.0	0.105096	15.013714285714284	(direct) / (none)	2
2025년 미국 증시 휴장일 완벽 정리 - 미국주식 투자자 필수 체크! - 더픽	11.0	10.0	0.102705	9.336818181818183	m.search.naver.com / referral	3
제주도 배편 예약하기	6.0	3.0	0.102285	17.0475	(direct) / (none)	1
KBS 가요무대 재방송| 가요무대 다시보는 방법 - 더픽	10.0	10.0	0.10219600000000001	10.2196	bing / organic	5
카무트, 4천 년을 버틴 슈퍼곡물의 비밀 - 더픽	4.0	4.0	0.102006	25.5015	(direct) / (none)	2
2026 대학입시정보 사이트 추천 - 오르비, ebs, 진학사, 커리어넷, 대학어디가 - 더픽	35.0	31.0	0.10192899999999999	2.9122571428571424	(direct) / (none)	3
피망 바둑 설치 트러블슈팅과 랭킹전·매너 가이드 | 주카 비즈	26.0	22.0	0.101567	3.9064230769230774	naver / organic	7
이준석 전한길 부정선거 끝장토론 실시간 라이브 - 더픽	9.0	7.0	0.101509	11.278777777777778	m.search.naver.com / referral	3
우리은행 두근두근 행운적금 가입 바로가기 - 더픽	12.0	12.0	0.10079500000000001	8.399583333333334	m.search.naver.com / referral	3
관악사랑상품권 가맹점 사용처 찾기 - 더픽	25.0	23.0	0.097568	3.90272	(direct) / (none)	2
토스 고객센터 바로가기 - 더픽	13.0	13.0	0.09703	7.463846153846154	(direct) / (none)	1
전국 은행 홈페이지 바로가기 | 14개 은행 공식 사이트 및 적금 금리 비교	14.0	12.0	0.096878	6.919857142857143	(direct) / (none)	3
카카오 고객센터 바로가기 - 더픽	8.0	7.0	0.096759	12.094875	(direct) / (none)	1
현역가왕3 투표하기 - 더픽	4.0	3.0	0.096352	24.087999999999997	(direct) / (none)	1
면역력 높이는 영양제: 효과적인 선택과 올바른 복용법 - 더픽	13.0	12.0	0.095004	7.308	m.search.naver.com / referral	3
곰오디오 다운로드 및 설치 알아보기 - 더픽	3.0	6.0	0.094208	31.40266666666667	external / 	2
전세 계약 전 안 보면 평생 후회? 알고 보니 사기 80% 막아주는 특약 문구 - 더픽	20.0	20.0	0.092549	4.62745	kunsan.ac.kr / referral	2
아쿠아디파르마 후기 – 솔직하게 말하는 차량용 방향제의 놀라운 변화와 구매 가이드 - 더픽	30.0	29.0	0.09243799999999999	3.081266666666666	m.search.naver.com / referral	4
예가람저축은행 고객센터 전화번호 상담원연결 바로가기 - 더픽	13.0	9.0	0.091511	7.039307692307692	(direct) / (none)	1
실시간 은시세 조회 - 한국금거래소, 인베스팅, 네이버증권, KB국민은행	6.0	6.0	0.091244	15.207333333333334	(direct) / (none)	1
푸본현대생명 고객센터 바로가기 - 더픽	8.0	8.0	0.090405	11.300625	(direct) / (none)	1
SPOTV 바로가기 및 편성표 안내	2.0	1.0	0.089028	44.513999999999996	(direct) / (none)	1
PASS 앱 설치 및 다운로드 - 더픽	7.0	7.0	0.0884	12.62857142857143	(direct) / (none)	1
WBC 한국 중계 일정 채널 시간 바로가기 - 더픽	11.0	9.0	0.087806	7.982363636363637	(direct) / (none)	1
신일선풍기 솔직 리뷰 - 실사용자가 말하는 완벽한 여름 필수템과 구매 팁 - 더픽	11.0	9.0	0.087455	7.950454545454545	m.search.naver.com / referral	3
건설근로자공제회 퇴직공제금 바로가기 - 더픽	6.0	6.0	0.086072	14.345333333333333	(direct) / (none)	2
기초연금 계산기·모의계산 방법과 수급자격 재산기준 총정리 | 생활정보 나침반	19.0	10.0	0.085827	4.51721052631579	naver / cpc	3
워크넷 구인구직 사이트 바로가기 - 더픽	6.0	7.0	0.085605	14.2675	(direct) / (none)	3
공동주택가격확인서 인터넷 발급 방법 신청 - 더픽	5.0	5.0	0.085503	17.1006	(direct) / (none)	2
정년 65세 연장 확정? 내 월급은 얼마나 깎일까 (2027년 시행 예정) - 더픽	21.0	18.0	0.084981	4.046714285714286	m.search.naver.com / referral	3
노령연금 신청하기 - 더픽	6.0	6.0	0.084878	14.146333333333333	(direct) / (none)	1
후스콜 앱 설치 다운로드 - 더픽	5.0	5.0	0.08475300000000001	16.9506	(direct) / (none)	2
손석구향수 후기 – 놀라운 만족감과 솔직한 단점까지, 자스민 루즈 오드퍼퓸 리뷰 - 더픽	8.0	8.0	0.084106	10.51325	(direct) / (none)	3
박대희 원장의 지인작명연구소 - 더픽	7.0	7.0	0.082515	11.787857142857144	(direct) / (none)	2
인감증명서 온라인 발급 방법 총정리 (가능한 용도·방문 필요한 경우) | 생활정보 나침반	76.0	38.0	0.081566	1.0732368421052632	naver / organic	3
직장인 종합소득세 신고 환급금 조회하기 - 더픽	11.0	9.0	0.081367	7.397	(direct) / (none)	1
각 은행별 고유가 피해지원금 신청 바로가기	11.0	6.0	0.080011	7.273727272727273	(direct) / (none)	1
평생교육이용권 누리집 바로가기 - 더픽	6.0	6.0	0.079578	13.262999999999998	(direct) / (none)	1
육아휴직급여신청 급여 금액 신청방법 계산 지급일 - 더픽	21.0	19.0	0.07850299999999999	3.7382380952380947	kgeu.org / referral	3
2025년 민생회복 소비쿠폰 완전 가이드: 최대 52만원 지원 혜택 총정리 - 더픽	3.0	3.0	0.078081	26.026999999999997	m.search.naver.com / referral	2
병사 자동진급 폐지, 병장 진급심사제 도입! 2025년부터 바뀌는 군 진급제도 완벽 정리 - 더픽	10.0	7.0	0.07785299999999999	7.785299999999999	m.search.naver.com / referral	3
마포 중식당 부영각 메뉴 웨이팅 대기시간 안내 - 더픽	21.0	17.0	0.077287	3.680333333333333	(direct) / (none)	4
빅뱅콘서트 2026 예매 바로가기 - 더픽	20.0	20.0	0.076532	3.8266000000000004	(direct) / (none)	4
1인 50만원] 괴산군 민생안정지원금 신청 5부제와 사용처, 이건 몰랐죠? (수수료 전액 면제) - 더픽	7.0	7.0	0.076427	10.918142857142858	(direct) / (none)	3
미스트롯4 완벽 정리! 참가자명단 | 심사위원 | 대국민 응원 투표하기 - 더픽	16.0	15.0	0.075845	4.7403125	m.search.naver.com / referral	3
타이젬 바둑 용어부터 AI 대국분석까지 왕초보 가이드 | 주카 비즈	6.0	5.0	0.075558	12.593	bing / organic	2
SKT KT LGT 알뜰폰 고객센터 바로가기 - 더픽	28.0	24.0	0.075325	2.6901785714285715	(direct) / (none)	2
2026년 직무별·연차별 평균 연봉 총정리 (연봉 협상 전 필독) - 더픽	26.0	25.0	0.074907	2.881038461538462	(direct) / (none)	8
토스인컴 환급 신청 어플 다운로드 - 더픽	9.0	10.0	0.074088	8.232	(direct) / (none)	4
비엣젯항공 홈페이지 바로가기 - 더픽	12.0	10.0	0.073721	6.143416666666666	m.search.naver.com / referral	3
볼보 시승신청 상담신청 방법과 코오롱 오토모티브 혜택 정리 - 더픽	8.0	9.0	0.073476	9.1845	(direct) / (none)	4
2026 경제총조사 조사원 모집 바로가기 - 더픽	14.0	11.0	0.072613	5.186642857142857	(direct) / (none)	2
알라딘 중고책 온라인 판매 바로가기 - 더픽	19.0	19.0	0.07258700000000001	3.820368421052632	(direct) / (none)	2
실업급여 차수별 신청방법 — 1차부터 8차까지 실업인정 절차 총정리 | 주카 비즈	5.0	4.0	0.072049	14.4098	(not set) / cpc	3
영화 신명 정보 등장인물 넷플릭스 보러가기 - 더픽	25.0	23.0	0.07172100000000001	2.86884	m.search.naver.com / referral	3
동행복권 예치금 충전 방법 4단계 (케이뱅크 가상계좌) | 로또 온라인 구매 - 더픽	12.0	11.0	0.071535	5.961250000000001	(direct) / (none)	3
로켓아이템땡스 로켓시스템 써봤는데... 진짜 빠르네? 솔직 후기 - 더픽	43.0	43.0	0.07141700000000001	1.660860465116279	(direct) / (none)	4
2026 실업급여(구직급여) 신청 조건 금액 바로가기 | 고용24 수급자격 가이드	9.0	8.0	0.070546	7.838444444444445	(direct) / (none)	2
축옥 옥을 찾아서 넷플릭스 보러가기 - 더픽	8.0	8.0	0.07013899999999999	8.767375	(direct) / (none)	2
SKT 고객센터 바로가기 - 더픽	11.0	11.0	0.069819	6.347181818181818	(direct) / (none)	3
사전연명의료의향서 등록기관 찾기 보건소 - 더픽	6.0	6.0	0.069773	11.628833333333333	(direct) / (none)	3
천안 유관순파크골프장 예약방법 홈페이지 요금 휴장일 - 더픽	7.0	7.0	0.069769	9.967	(direct) / (none)	1
미국주식 양도소득세 계산기 바로가기 - 더픽	5.0	5.0	0.069565	13.913	(direct) / (none)	1
토지거래허가 조회 신청 서류 불허 토지거래허가제 안내 - 더픽	21.0	21.0	0.069548	3.3118095238095235	(direct) / (none)	4
영화 신명 개봉관 완전 정리 - 6월 2일 기준 전국 143개 상영관 정보 - 더픽	5.0	5.0	0.068515	13.703000000000001	(direct) / (none)	1
국평오'란 무엇인가? 신조어의 뜻과 사회적 의미 분석 - 더픽	11.0	11.0	0.067594	6.14490909090909	m.search.naver.com / referral	5
중소기업 취업자 소득세 감면신청서 작성방법 (나이/기간 자동 계산기 포함) | 서류 다운로드 - 더픽	26.0	22.0	0.06690299999999999	2.5731923076923073	naver / organic	4
고유가 지원금신청에 대해 검색하였습니다 - 더픽	1.0	1.0	0.066177	66.177	(direct) / (none)	1
무직자도 가능? 2026 전세대출 3대장(HF HUG SGI) 완벽 비교 & 126% 룰 계산법 - 더픽	15.0	13.0	0.06597900000000001	4.398600000000001	m.search.naver.com / referral	7
전입신고 하는법 인터넷 필요서류 세대주 확인 준비물 확정일자 기간 - 더픽	8.0	8.0	0.065842	8.23025	(direct) / (none)	1
hpv 예방접종 가격 부작용 남성 지원 병원찾기 - 더픽	9.0	8.0	0.065558	7.2842222222222235	(direct) / (none)	2
노인일자리 신청 방법 기준 서류 - 더픽	8.0	7.0	0.064767	8.095875000000001	(direct) / (none)	2
제니 폰트 다운로드 사용법 zen serif - 더픽	23.0	21.0	0.064312	2.7961739130434777	(direct) / (none)	2
고민 끝! 헤트라스디퓨저 TOP 5, 구매 전 꼭 봐야 할 리얼 리뷰 - 더픽	9.0	10.0	0.064243	7.138111111111111	m.search.naver.com / referral	4
조말론향수 후기 – 솔직하게 밝히는 놀라운 장단점과 구매팁 - 더픽	20.0	19.0	0.06375	3.1875000000000004	m.search.naver.com / referral	4
2026 무한도전 런(무도런) 마라톤 신청 및 쿠팡플레이 예매 안내	3.0	1.0	0.063415	21.138333333333332	(direct) / (none)	1
가평 청리움 예약 바로가기 | 힐링 스테이, 요금, 예약 가이드	9.0	10.0	0.063042	7.004666666666667	(direct) / (none)	3
근로계약서 작성 시 주의사항 5가지, 이것 모르면 퇴직금·연차 다 날립니다! - 더픽	13.0	11.0	0.062986	4.845076923076923	m.search.naver.com / referral	3
레진코믹스 사이트 바로가기 - 더픽	14.0	13.0	0.06268800000000001	4.477714285714287	(direct) / (none)	4
2026 수능성적 온라인 조회 완벽 가이드 | 성적표 출력부터 인증 방법까지 - 더픽	17.0	15.0	0.0621	3.6529411764705886	m.search.naver.com / referral	3
내돈내산 아보크멀티수납백 BEST 5, 왜 이 제품들이 1위일까? - 더픽	5.0	5.0	0.062041	12.408199999999999	m.search.naver.com / referral	2
중고나라 앱 다운로드 바로가기 - 더픽	8.0	8.0	0.061587	7.698375	(direct) / (none)	1
2026년 역대급 고금리 적금 추천 TOP 6: 연 30% 이자 혜택 총정리 - 더픽	25.0	24.0	0.061574	2.46296	m.search.naver.com / referral	6
음주운전 신고 방법 포상금 지급 얼마 - 더픽	7.0	10.0	0.061452	8.778857142857142	(direct) / (none)	3
농식품바우처 편의점에서도 된다고? 2026년 최신 사용처 및 온라인 주문법 - 더픽	8.0	8.0	0.061378	7.67225	m.blog.naver.com / referral	3
한경희 타워형 냉풍기 가정용 이동식 에어컨 냉방기 솔직 후기 - 더픽	17.0	18.0	0.060986	3.5874117647058825	m.search.naver.com / referral	4
정부 지원금 & 환급 한눈에 보기 | 블로그 사이트맵	58.0	47.0	0.06076	1.0475862068965518	(direct) / (none)	5
애플 서비스센터 바로가기 - 더픽	7.0	6.0	0.059767999999999995	8.538285714285713	(direct) / (none)	2
호카 후기 – 믿을 수 없는 착화감! 클리프톤 9 와이드 런닝화 솔직 리뷰와 구매 가이드 - 더픽	9.0	8.0	0.059323	6.591444444444445	(direct) / (none)	2
카카오뱅크 마이너스통장 대출 개설 바로가기 - 더픽	12.0	12.0	0.058423	4.8685833333333335	(direct) / (none)	1
알캡처 무료 다운로드 | 설치방법 | 사용방법 - 더픽	18.0	17.0	0.057845	3.213611111111111	naver / organic	4
2026 청년월세지원 신청하기 - 더픽	8.0	8.0	0.057665	7.208125	(direct) / (none)	1
민방위 홈페이지 바로가기 - 더픽	8.0	7.0	0.057461	7.182625	(direct) / (none)	1
컬투쇼 방청신청 바로가기 - 더픽	25.0	23.0	0.056655	2.2662	m.search.naver.com / referral	4
노인 운전면허증 반납 방법 및 혜택 - 더픽	8.0	8.0	0.056068	7.0085	(direct) / (none)	2
2026 국민취업지원제도 인상, 월 60만 원씩 받는 법? 신청 전 '이것' 안 하면 자격 박탈됩니다! - 더픽	8.0	8.0	0.05585	6.981249999999999	m.search.naver.com / referral	3
윈도우 미디어 플레이어 다운로드 설치 방법 windows media player - 더픽	5.0	8.0	0.055719	11.143799999999999	external / 	5
황인범 인스타 주소 인스타그램 바로가기 - 더픽	2664.0	1125.0	0.055553	0.02085322822822823	(direct) / (none)	7
신문가게 v5 모바일 웹 및 앱 다운로드 | 언제 어디서나 신문 보기	2.0	1.0	0.055267	27.633499999999998	(direct) / (none)	1
호무로냉감이불 후기 – 솔직하게 경험한 놀라운 시원함과 실사용 장단점 공개! - 더픽	25.0	25.0	0.055063	2.20252	m.search.naver.com / referral	3
신한카드 개인정보 유출여부 조회 | 신한카드 개인정보 지금 바로 개인정보 유출 조회해보세요 - 더픽	6.0	6.0	0.055062	9.177	m.search.naver.com / referral	3
국민연금 20년 가입 시 연봉별 수령액 완벽 가이드 - 더픽	11.0	13.0	0.054696999999999996	4.972454545454545	m.search.naver.com / referral	4
허먼밀러 고객센터 전화번호 상담원연결 바로가기 - 더픽	15.0	9.0	0.054125	3.6083333333333334	(direct) / (none)	3
LG전자 휘센 오브제컬렉션 제습기 20L DQ205PEGA – 솔직하게 말하는 진짜 장단점과 완벽 구매 가이드 - 더픽	9.0	8.0	0.053754	5.972666666666667	m.search.naver.com / referral	3
홈플러스 문화센터 수강신청 여름학기 일정 전국 지점 - 더픽	12.0	12.0	0.053391	4.44925	(direct) / (none)	2
장기주택저당차입금 소득공제 조건 총정리 | 2026 연말정산 최대 2000만원 환급받는 법 - 더픽	28.0	26.0	0.05216899999999999	1.8631785714285711	naver / organic	3
국제 EMS 배송조회 가격 금지품목 기간 안내 - 더픽	23.0	20.0	0.051161	2.2243913043478263	(direct) / (none)	1
클립챔프 CLIPCHAMP 무료 다운로드 알아보기 - 더픽	3.0	4.0	0.049824	16.608	naver_blog / organic	3
HP 프린터 고객지원 - 드라이버 다운로드	11.0	10.0	0.049624	4.511272727272727	(direct) / (none)	1
Go to 2026 Golden Eagle Baseball Broadcast Schedule and Bracket - The Pick	0.0	1.0	0.04932	0	(direct) / (none)	1
문화비 소득공제 신청 방법 기간 대상 항목 - 더픽	21.0	20.0	0.049067	2.3365238095238094	(direct) / (none)	3
회원권 없이 코스트코 쇼핑하는 3가지 꼼수 - 더픽	11.0	11.0	0.048903	4.445727272727273	m.search.naver.com / referral	4
주민등록등본 인터넷발급 | 주민등록등본 pdf 다운로드, 발급 - 더픽	13.0	12.0	0.048844	3.757230769230769	naver / organic	4
주니어커리어넷 사용법 | 주니어커리어넷 진로흥미검사 | 나를 알아보아요 - 더픽	13.0	12.0	0.048804	3.754153846153846	m.search.naver.com / referral	5
고민 끝! 이지듀기미쿠션 TOP 5, 구매 전 꼭 봐야 할 리얼 리뷰 - 더픽	11.0	11.0	0.048706	4.427818181818182	m.search.naver.com / referral	3
2026 신한 SOL KBO 리그 - 더픽	23.0	23.0	0.048310000000000006	2.1004347826086955	(direct) / (none)	2
은행 고객센터 전화번호 총정리 | 국민·신한·하나·우리·기업은행 콜센터 2026 - 더픽	17.0	16.0	0.048151	2.832411764705882	m.search.naver.com / referral	3
인스타그램 사진 및 동영상 다운로드 사이트 모음 (릴스, 스토리 저장)	36.0	27.0	0.047574	1.3215	(direct) / (none)	1
2025년 최신! 앱으로 가입 가능한 연 7% 파킹통장 - 더픽	10.0	10.0	0.047202	4.7202	(direct) / (none)	2
통장 압류 걱정 끝! 월 250만원 보호되는 '생계비 계좌' 완벽 정리 - 더픽	9.0	8.0	0.046927	5.214111111111111	m.search.naver.com / referral	2
대구 치맥페스티벌 예매 사전예약 일정 방법 가격 라인업 - 더픽	10.0	9.0	0.04688	4.688	(direct) / (none)	1
스타벅스(Starbucks) 공식 앱 다운로드 및 카드 잔액조회 안내	1.0	1.0	0.046767	46.767	(direct) / (none)	1
산후도우미 신청 방법 및 대상 서류 - 더픽	6.0	6.0	0.046511	7.751833333333333	kgeu.org / referral	3
국민연금 납부액 조회 계산 기준 국민연금공단 바로가기 - 더픽	12.0	11.0	0.046499000000000006	3.874916666666667	(direct) / (none)	3
아세페 완벽 가이드: 아모레퍼시픽 최대 할인 혜택 놓치지 않는 법 - 더픽	5.0	4.0	0.04636900000000001	9.273800000000001	(direct) / (none)	3
찰리푸스 내한 티켓팅 예매 방법 2026 티켓 가격 vip 좌석 - 더픽	8.0	7.0	0.045329	5.666125	(direct) / (none)	3
임신 사전건강관리 지원 바로가기 - 더픽	11.0	7.0	0.043156	3.9232727272727277	(direct) / (none)	1
청년내일저축계좌 신청 방법과 혜택 - 360만원을 1440만원으로 만들어봐요 - 더픽	6.0	6.0	0.04312	7.1866666666666665	(direct) / (none)	1
청년미래적금 신청 조건 총정리 | 최대 19% 체감 금리 효과와 5부제 일정	5.0	4.0	0.042758	8.551599999999999	(direct) / (none)	1
쿠팡 해킹 사태, 개인통관고유번호 재발급|유니패스 통관번호 조회 - 더픽	11.0	10.0	0.042751	3.886454545454545	m.search.naver.com / referral	3
샵백 사기 논란의 진실과 실제 환급 후기 (캐시백 이용 방법) - 더픽	22.0	21.0	0.042358	1.9253636363636364	m.blog.naver.com / referral	6
하나손해보험 고객센터 바로가기 - 더픽	45.0	43.0	0.042079000000000005	0.935088888888889	(direct) / (none)	4
초당옥수수 후기 – 믿을 수 없는 달콤함과 아쉬운 점까지, 솔직 사용기와 구매 가이드 - 더픽	11.0	8.0	0.041997	3.817909090909091	m.search.naver.com / referral	3
cgv 홈페이지 바로가기 - 더픽	10.0	8.0	0.041728999999999995	4.172899999999999	(direct) / (none)	2
스토브리그 일본판 SBS 편성 다시보기 - 더픽	23.0	17.0	0.041599	1.8086521739130432	(direct) / (none)	4
주름크림 후기 - 믿을 수 없는 가격에 만나는 AHC 바이탈 골든 콜라겐 크림의 솔직 리뷰 - 더픽	7.0	7.0	0.041582	5.940285714285714	(direct) / (none)	2
인스타그램 스토리 몰래보기 - 더픽	21.0	13.0	0.041232	1.9634285714285713	(direct) / (none)	3
그랑핸드 자동차방향제 후기 – 솔직하게 말하는 놀라운 변화와 구매 전 체크포인트! - 더픽	17.0	17.0	0.041038000000000005	2.414	m.search.naver.com / referral	4
인감증명서 발급 방법 정보 총정리 (온라인·방문·대리발급·법인) | 생활정보 나침반	44.0	22.0	0.040938	0.930409090909091	naver / organic	3
윤조에센스 후기 – 솔직하게 밝히는 놀라운 효과와 실제 사용후기, 구매 가이드 - 더픽	9.0	9.0	0.04093	4.547777777777778	m.search.naver.com / referral	3
헌혈의집 헌혈 예약하기 - 더픽	9.0	8.0	0.040803	4.533666666666667	(direct) / (none)	1
부모님 용돈 180만 원 챙겨드린 후기! (공주시 고령운전자 면허 반납 신청 방법 & 자격 총정리) - 더픽	6.0	6.0	0.040581	6.7635	(direct) / (none)	2
자녀 주식 증여 방법 및 증여세 면제 한도 총정리 - 더픽	7.0	6.0	0.039118	5.588285714285714	(direct) / (none)	2
주카 비즈 | 생활·금융·정책 정보 블로그	153.0	56.0	0.038855	0.25395424836601305	shield-ui.nsa-front-end.svc.pr1.io.navercorp.com / referral	10
2026 고3 3월모의고사 등급컷 바로가기 - 더픽	31.0	27.0	0.038849999999999996	1.2532258064516126	(direct) / (none)	3
공무원 직렬 완벽 가이드 - 나에게 맞는 직렬 찾기 - 더픽	21.0	18.0	0.038575000000000005	1.8369047619047623	m.search.naver.com / referral	3
대한민국 구석구석 | 여행 경비 반값 환급 이벤트 - 더픽	9.0	9.0	0.038256	4.250666666666667	(direct) / (none)	1
ts 자동차검사 예약 조회 방법 가격 비용 안내 - 더픽	6.0	6.0	0.037971	6.3285	(direct) / (none)	1
2025 농림어업총조사 대상·참여방법·안하면? 조사원 알바 후기 총정리 - 더픽	4.0	4.0	0.037767	9.44175	(direct) / (none)	2
OK캐시백(OK Cashbag) 포인트 조회 및 앱 다운로드 안내	1.0	1.0	0.037739	37.739000000000004	(direct) / (none)	1
워너 브롱크호스트 전시 예매 부산전 얼리버드 굿즈 할인 - 더픽	12.0	11.0	0.037563	3.1302499999999998	(direct) / (none)	4
호주주름크림 솔직후기 – 놀라운 탄력 효과와 진짜 단점까지 모두 공개 - 더픽	7.0	7.0	0.037405	5.343571428571429	m.search.naver.com / referral	3
엘지전자 서비스센터 이용 가이드: 전화번호, 영업시간 및 고객센터 바로가기 완벽 정리 - 더픽	5.0	5.0	0.03691	7.382	(direct) / (none)	1
MP3 MP4 자르기, 복잡한 편집 프로그램 깔고 고생했더니? 알고 보니 3초 만에 웹에서 끝! - 더픽	12.0	7.0	0.036777000000000004	3.06475	blog.naver.com / referral	3
문화누리카드 발급 방법 잔액조회 사용처 보기 - 더픽	6.0	6.0	0.036701	6.116833333333332	(direct) / (none)	1
집에서 PC 느려질 때 해결법 - 더픽	15.0	15.0	0.036608	2.4405333333333337	blog.naver.com / referral	3
파킨슨병 초기증상 10가지: 조기발견이 중요한 이유 - 더픽	10.0	10.0	0.036246999999999995	3.6246999999999994	m.search.naver.com / referral	3
AGI관련주 TOP10: 2025년 주목해야 할 범용 인공지능 투자 기회 - 더픽	9.0	8.0	0.035684	3.9648888888888894	(direct) / (none)	3
2026년 설날민생안정지원금, 우리 동네는 얼마 줄까? 지역별 설날지원금 TOP 7 총정리 (최대 60만원) - 더픽	7.0	6.0	0.035574999999999996	5.082142857142856	(direct) / (none)	3
파주 민생지원금 신청방법 | 파주 민생지원금 사용처 정보 - 더픽	7.0	7.0	0.035384	5.054857142857143	(direct) / (none)	2
아고다 고객센터 바로가기 - 더픽	5.0	5.0	0.034961	6.9921999999999995	(direct) / (none)	1
에 대해 검색하였습니다 - 더픽	7.0	6.0	0.034924000000000004	4.989142857142858	(direct) / (none)	3
장애인연금 신청 방법 대상 필요서류 - 더픽	6.0	6.0	0.034714	5.785666666666668	(direct) / (none)	1
아고다캐쉬백리워드 신청 및 어플 다운로드 - 더픽	5.0	5.0	0.034176000000000005	6.835200000000001	(direct) / (none)	2
사전연명의료의향서 신청방법 양식 다운로드: 나의 마지막 선택을 존중받기 위한 준비 - 더픽	6.0	5.0	0.033867999999999995	5.644666666666666	(direct) / (none)	3
2026 월드컵 전체 경기 일정표 (한국시간) - 조별리그 72경기 총정리	12.0	10.0	0.033442	2.7868333333333335	bing / organic	4
363189972295에 대해 검색하였습니다 - 더픽	1.0	1.0	0.032958	32.958	(direct) / (none)	1
파크골프 규칙 스크린 전국 위치 용품 골프채 - 더픽	6.0	6.0	0.032408	5.4013333333333335	(direct) / (none)	2
한강 드론쇼 일정 2026 기본정보 바로가기 - 더픽	6.0	6.0	0.032185	5.364166666666667	(direct) / (none)	1
케이뱅크 고객센터 바로가기 - 더픽	6.0	6.0	0.03212	5.353333333333334	(direct) / (none)	2
리커버리슈즈 후기 – 솔직하게 밝히는 장단점과 놀라운 착용감, 구매 전 필독 가이드 - 더픽	8.0	8.0	0.031959	3.994875	m.search.naver.com / referral	3
롯데상품권 사용처 외식 롯데몰 롯데마트 정리 - 더픽	17.0	15.0	0.031767000000000004	1.8686470588235295	(direct) / (none)	2
함양 대봉산 모노레일 예약 방법 바로가기 | 요금, 코스, 짚라인 가이드	3.0	2.0	0.031522	10.507333333333333	(direct) / (none)	1
주민등록등본 발급 및 PDF 저장 가이드: 프린터 없어도 파일 보관까지 완벽하게 - 더픽	8.0	8.0	0.031031999999999997	3.8789999999999996	m.search.naver.com / referral	3
유튜브 영상 다운로드 하는 방법 | 유튜브 MP4 다운로드 - 더픽	10.0	10.0	0.030712	3.0712	blog.naver.com / referral	3
형부떡볶이 후기 – 솔직하게 느낀 맛과 단점, 직접 먹어본 밀키트 구매 가이드 - 더픽	7.0	7.0	0.030261	4.3229999999999995	m.search.naver.com / referral	2
노시부 콧물흡입기 TOP 5! 실제 아기엄마들이 극찬한 이유는? - 더픽	10.0	10.0	0.029457	2.9457	m.search.naver.com / referral	3
088에 대해 검색하였습니다 - 더픽	1.0	1.0	0.02905	29.05	ig / social	1
애플페이 티머니 등록 방법 버스 환승 충전 사용법 - 더픽	13.0	13.0	0.028510999999999998	2.193153846153846	(direct) / (none)	2
홍명보 기자회견 다시보기 홍명보 사퇴 퇴진 - 더픽	19.0	18.0	0.028462	1.498	(direct) / (none)	4
현대상품권 사용처 외식 아웃백 호텔 이마트 온라인 조회하기 - 더픽	14.0	13.0	0.028302	2.0215714285714284	(direct) / (none)	4
실비보험 조회에 대해 검색하였습니다 - 더픽	1.0	1.0	0.028241	28.241	(direct) / (none)	1
"이삿날 멘붕 방지" 공과금 정산부터 전입신고와 확정일자까지 - 더픽	22.0	21.0	0.027896	1.268	m.search.naver.com / referral	3
WBC 8강 도미니카공화국 라인업 분석 - 더픽	10.0	10.0	0.027476	2.7476000000000003	(direct) / (none)	3
전국 무료 주차장 찾기! 공유누리 사이트 활용법 및 꿀팁 완벽 정리 - 더픽	14.0	12.0	0.027346000000000002	1.9532857142857143	m.blog.naver.com / referral	3
내 주변 ATM 위치 검색 및 금융맵 앱 다운로드 안내	17.0	13.0	0.026892	1.5818823529411765	(direct) / (none)	1
보조금24 누리집 홈페이지 바로가기 - 더픽	8.0	8.0	0.026527	3.3158749999999997	(direct) / (none)	1
생애최초 주택 취득세 감면 완벽 가이드, 취득세 220만원 환급받은 꿀팁 대방출!	10.0	12.0	0.026438999999999997	2.6439	chatgpt.com / ai-assistant	6
인터넷 전입신고 전입신청 - 더픽	12.0	12.0	0.026238	2.1865	(direct) / (none)	1
2026 무주형 기본소득 신청 방법 및 대상 총정리 (1인당 80만원 지급) - 더픽	8.0	7.0	0.025625	3.203125	m.search.naver.com / referral	3
실업인정 차수별 안내 — 구직급여 1차~8차 실업인정과 구직활동 인정 방법 | 생활정보 나침반	22.0	15.0	0.025418999999999997	1.1554090909090908	naver / organic	4
바밤바이트 미니, 한 입에 쏙 들어오는 밤 맛 아이스크림의 새로운 매력 - 더픽	4.0	3.0	0.025209	6.30225	(direct) / (none)	2
신한은행 모바일 고객센터 바로가기 - 더픽	6.0	6.0	0.024386	4.064333333333334	(direct) / (none)	1
서울 키자니아 타임티켓 예약방법 꿀팁 - 더픽	7.0	7.0	0.024326	3.475142857142857	(direct) / (none)	1
퀵맘자켓 후기 - 솔직하게 밝히는 놀라운 장단점과 실제 구매 가이드 - 더픽	10.0	10.0	0.024083	2.4083	m.search.naver.com / referral	2
완벽한 디딤돌대출 분석: 내 집 마련의 첫걸음 - 더픽	5.0	4.0	0.023967	4.7934	(direct) / (none)	1
홈플러스 영업중단 지점 리스트 자세히보기 - 더픽	7.0	7.0	0.023629	3.375571428571429	m.blog.naver.com / referral	4
파세코 고객센터 바로가기 - 더픽	6.0	6.0	0.023591	3.931833333333333	(direct) / (none)	1
우베가 무엇일까요? 우베 알아보기 - 더픽	16.0	16.0	0.023532	1.47075	(direct) / (none)	3
5년은 너무 길다? 6월 출시 '청년미래적금' 완벽 정리 (청년도약계좌와 비교 분석) - 더픽	6.0	6.0	0.023255	3.8758333333333335	(direct) / (none)	2
국가유산청 여권 신청 발급 사이트 바로가기 - 더픽 #TS4MP:1:https:zucca100.com::%ea%b5%ad%ea%b0%80%ec%9c%a0%ec%82%b0%ec%b2%ad-%ec%97%ac%ea%b6%8c-%ec%8b%a0%ec%b2%ad-%eb%b0%9c%ea%b8%89-%ec%82%ac%ec%9d%b4%ed%8a%b8-%eb%b0%94%eb%a1%9c%ea%b0%80%ea%b8%b0/:TS4MP#	1.0	1.0	0.022936	22.936	(direct) / (none)	1
반포대교 인플루언서 인스타 누구 - 더픽	14.0	14.0	0.02275	1.625	m.search.naver.com / referral	2
우리 강아지가 목에 뭔가 걸렸다면? 생명을 구하는 강아지 하임리히법 완벽 가이드 - 더픽	7.0	7.0	0.022628	3.232571428571428	m.search.naver.com / referral	2
연말정산 간편인증 | 네이버 인증서 인증오류 - 발급부터 재발급까지 한번에 - 더픽	10.0	10.0	0.022293	2.2293	(direct) / (none)	3
공영주차장 차량5부제 바로가기 - 더픽	10.0	9.0	0.022022	2.2022	(direct) / (none)	1
[2026 최신] 아이폰 K-패스 애플페이 티머니 등록 및 사용법 (안되는 이유 해결) - 더픽	10.0	9.0	0.021818999999999998	2.1818999999999997	m.search.naver.com / referral	4
건설근로자 퇴직금 신청 자격 서류 및 지급 절차 완벽 가이드 - 더픽	10.0	9.0	0.021446	2.1446	(direct) / (none)	4
갈톤보드 구매하기 - 더픽	13.0	13.0	0.021386	1.6450769230769229	(direct) / (none)	1
이걸 안 보면 손해! 접이식 요가매트 인기상품 5종 솔직 리뷰 - 더픽	9.0	9.0	0.021113	2.3458888888888887	(direct) / (none)	3
하이디라오 꿀팁: 완벽한 마라탕 경험을 위한 모든 것 - 더픽	12.0	11.0	0.021092	1.7576666666666667	m.search.naver.com / referral	3
엠게임 바로가기 및 모바일 앱 다운로드	4.0	4.0	0.020629	5.15725	(direct) / (none)	1
SBTI에 대해 검색하였습니다 - 더픽	1.0	1.0	0.020554	20.554	(direct) / (none)	1
신세계 상품권 사용처 온라인 사용 교환 구매 모바일 구매처 외식 정리 - 더픽	8.0	7.0	0.020073	2.509125	(direct) / (none)	2
골프 초보자를 위한 완벽 가이드: 용품 선택부터 꿀팁까지 - 더픽	6.0	6.0	0.020045	3.3408333333333333	(direct) / (none)	2
농식품바우처 잔액조회 10초 만에 확인하는 법 (영수증, ARS) - 더픽	4.0	4.0	0.019891	4.97275	(direct) / (none)	2
2026 북중미 월드컵 하이드레이션 브레이크 뜻 · 관련 용어 총정리	3.0	3.0	0.019764	6.588	(direct) / (none)	1
통합 티켓 예매 참전 라운지 - 인터파크 & YES24	3.0	3.0	0.01958	6.526666666666666	(direct) / (none)	1
MP4 파일 용량 줄이는 법: 웹에서 쉽게 압축하기 - 더픽	16.0	15.0	0.019312	1.2069999999999999	(direct) / (none)	4
눈밑이떨리는증상의 원인과 해결방법 - 더픽	3.0	3.0	0.019205	6.401666666666666	(direct) / (none)	2
4월 여행 환급 이벤트 - 네이버지도 가볼만한 곳 정리 - 더픽	7.0	6.0	0.018632	2.6617142857142855	(direct) / (none)	1
틱톡 영상 다운로드 사이트 소개 (워터마크 없는 빠른 다운로더)	13.0	11.0	0.018445	1.4188461538461539	(direct) / (none)	1
롯데리아 두툼새우버거 이벤트 쿠폰 가격 정보 안내 - 더픽	5.0	5.0	0.018357	3.6713999999999998	(direct) / (none)	2
2026년 청년 국가기술자격증 응시료 50% 반값 할인 신청 - 더픽	7.0	7.0	0.018091	2.584428571428571	(direct) / (none)	1
MSI 예매 방법 Road to MSI 2026 - 더픽	6.0	6.0	0.017863999999999998	2.977333333333333	(direct) / (none)	3
잠실 우성아파트 주소 바로가기 - 더픽	8.0	8.0	0.017861000000000002	2.232625	(direct) / (none)	3
넷플릭스 (Netflix) 바로가기 및 앱 다운로드	6.0	5.0	0.017852	2.9753333333333334	(direct) / (none)	1
서울런 홈페이지 바로가기 - 더픽	13.0	12.0	0.017782	1.3678461538461537	(direct) / (none)	2
함양 대봉산 모노레일 예약 방법 총정리 — 온라인 예약·현장구매·취소·환불 | 주카 비즈	4.0	4.0	0.01775	4.4375	m.search.naver.com / referral	3
알툴즈 설치 & 다운로드 바로가기 - 더픽 #TS4MP:1:https:zucca100.com::altools/:TS4MP#	1.0	2.0	0.017548	17.548000000000002	(direct) / (none)	2
프린터 드라이버 다운로드 센터	5.0	5.0	0.017094	3.4188000000000005	(direct) / (none)	1
첫만남이용권 신청방법 | 잔액조회 - 더픽	11.0	10.0	0.017037	1.5488181818181819	m.search.naver.com / referral	3
미스트롯4 전국투어 콘서트 예매하기 - 더픽	4.0	4.0	0.016559	4.13975	(direct) / (none)	2
이지듀기미쿠션 후기 - 솔직하게 밝히는 놀라운 장단점과 구매 가이드 - 더픽	6.0	5.0	0.016538	2.756333333333333	(direct) / (none)	2
일본 벚꽃 개화시기 - 더픽	4.0	4.0	0.016331	4.08275	(direct) / (none)	1
주민세 납부 앱 다운로드 바로가기 - 더픽	10.0	9.0	0.016233	1.6233	(direct) / (none)	3
열린음악회 방청신청 티켓 수령 당첨확인 - 더픽	5.0	3.0	0.016191	3.2382	(direct) / (none)	1
면역력에 좋은 음식 TOP 10: 건강한 삶을 위한 현명한 식단 선택 - 더픽	4.0	5.0	0.015965	3.99125	(direct) / (none)	3
다주택자 양도세 중과 유예 연장될까? 2026년 절세 전략 총정리 - 더픽	9.0	9.0	0.015794	1.7548888888888887	m.search.naver.com / referral	3
현대자동차 고객센터 바로가기 - 더픽	6.0	6.0	0.015542	2.5903333333333336	(direct) / (none)	1
2026년 포항사랑상품권 구매 방법, 가맹점 조회 및 카드 발급 총정리 (최대 10% 혜택) - 더픽	8.0	6.0	0.015463999999999999	1.9329999999999998	running-guarantee9.tistory.com / referral	4
농민수당 신청 금액 지급일 사용처 방법 알아보기 - 더픽	2.0	1.0	0.015438	7.719	(direct) / (none)	1
경주 산불 | 산불 대피요령 실시간 산불 상황 CCTV - 더픽	7.0	7.0	0.015341	2.1915714285714287	(direct) / (none)	3
임신확인서 진단서 발급방법 - 더픽	15.0	14.0	0.014802	0.9867999999999999	naver / organic	3
티빙 개인정보 유출 비밀번호 변경방법 보상 바로가기 - 더픽	12.0	11.0	0.014669999999999999	1.2225	(direct) / (none)	4
SBI저축은행 사이다뱅크 고객센터 및 앱 다운로드 안내	3.0	1.0	0.014458	4.819333333333334	(direct) / (none)	1
검찰 사건조회 형사사법포털 번호 몰라도 1분 확인 - 더픽	13.0	12.0	0.014264	1.0972307692307692	(direct) / (none)	1
2026 반려동물지원금 신청 가이드: 의료비부터 입양비까지 최대 혜택 받기 - 더픽	3.0	3.0	0.014104	4.701333333333333	m.blog.naver.com / referral	2
털린 내 정보 찾기 서비스로 개인정보 유출 확인하는 방법 - 더픽	5.0	4.0	0.013968000000000001	2.7936	(direct) / (none)	2
비급여 정보포털 실비보험 실비청구 조회 진료비 정보 - 더픽	7.0	7.0	0.013738	1.9625714285714286	(direct) / (none)	2
직장인 필수 엑셀 함수 총정리 (VLOOKUP, SUMIFS, XLOOKUP 등)	4.0	5.0	0.013619000000000001	3.4047500000000004	(direct) / (none)	2
타이젬 바둑 바로가기 및 모바일 앱 다운로드	7.0	6.0	0.013062	1.866	(direct) / (none)	1
갤럭시 폴드8 출시일 가격 색상 및 사전예약 자급제 최저가 할인 혜택 총정리 - 더픽	7.0	6.0	0.012991999999999998	1.8559999999999999	playtherapy.or.kr / referral	5
실업급여 지급일·세금·국민연금 총정리 — 대기기간·연장·아르바이트까지 | 생활정보 나침반	10.0	6.0	0.012323	1.2323	(direct) / (none)	3
어린이집찾기 정보공개포털 검색 입소대기 신청 방법 - 더픽	8.0	8.0	0.012158	1.5197500000000002	(direct) / (none)	1
네이버페이 대출 갈아타기 바로가기 (전월세, 신용, 주담대, 자동차)	3.0	1.0	0.011828	3.9426666666666663	(direct) / (none)	1
전국 고속버스 및 시외버스 통합 예매 안내 | 동서울터미널, 코버스, 티머니	13.0	10.0	0.01178	0.9061538461538462	(direct) / (none)	3
비짓재팬 등록방법 동반가족 큐알 비자 국가명 전화번호 바로가기 - 더픽	12.0	11.0	0.011630000000000001	0.9691666666666667	(direct) / (none)	2
육군 휴드림 홈페이지(welfare.army.mil.kr) 바로가기와 복지시설 예약 총정리 - 더픽	8.0	7.0	0.011590999999999999	1.448875	playtherapy.or.kr / referral	3
양자컴퓨터 관련주 테마주 양자컴퓨팅 선도기업 바로가기 - 더픽	9.0	8.0	0.011506	1.2784444444444445	(direct) / (none)	2
건강검진 예약 일반건강검진 국가건강검진 대상자 항목 대상 - 더픽	4.0	4.0	0.011439	2.85975	(direct) / (none)	1
유산균발효굴추출물의 건강 효과와 활용법 - 더픽	6.0	6.0	0.011433	1.9055	(direct) / (none)	3
대봉산모노레일 반려동물(강아지) 동반 가능할까? 확인 방법 | 생활정보 나침반	2.0	2.0	0.011367	5.6835	(direct) / (none)	2
여성갱년기증상 종류 원인 땀 치료방법 - 더픽	5.0	5.0	0.011329	2.2658	(direct) / (none)	1
KORELAN [kc 인증] 미니 냉풍기 저소음 대풍량 솔직 후기 - 더픽	9.0	9.0	0.011045999999999999	1.2273333333333332	m.search.naver.com / referral	4
건강한 50대를 위한 필수 영양제 가이드 - 더픽	7.0	6.0	0.01104	1.577142857142857	m.search.naver.com / referral	2
경마공원 주차정보 및 더비온 앱 다운로드 | 렛츠런파크 바로가기	5.0	3.0	0.010939	2.1878	(direct) / (none)	1
우체국보험 홈페이지 바로가기 - 더픽	6.0	6.0	0.010635	1.7725	(direct) / (none)	1
반디집(Bandizip) 및 반디소프트 필수 프로그램 다운로드	9.0	9.0	0.010437	1.1596666666666666	(direct) / (none)	1
대전 간호사 채용 정보: 을지대 충남대 성모병원 합격 전략 - 더픽	11.0	11.0	0.01041	0.9463636363636364	(direct) / (none)	1
탈퇴에 대해 검색하였습니다 - 더픽	1.0	1.0	0.010387	10.387	(direct) / (none)	1
아보크멀티수납백 후기 - 솔직하게 말해보는 장단점과 구매 가이드 - 더픽	5.0	5.0	0.010385	2.077	(direct) / (none)	2
신생아 특례대출 신청하기 - 더픽	13.0	11.0	0.010344	0.7956923076923078	(direct) / (none)	2
청남대 모노레일 예약 방법 입장료 할인 정보 - 더픽	9.0	9.0	0.010289000000000001	1.1432222222222224	(direct) / (none)	3
2025년 21대 대통령선거 사전투표 방법 완벽 정리 - 더픽	2.0	2.0	0.010238	5.119000000000001	(direct) / (none)	1
공공생리대 및 생리용품 그냥드림 지원사업 안내 | 신청 방법 및 지원 대상	6.0	6.0	0.010113	1.6855000000000002	(direct) / (none)	1
더블 이용권 완벽 가이드 - 티빙과 웨이브를 하나로! 💰 - 더픽	9.0	9.0	0.010072	1.1191111111111112	(direct) / (none)	4
Перейдите на бесплатный сайт King Kong TV - The Pick.	0.0	1.0	0.010024	0	contents.premium.naver.com / referral	1
무료 계곡 추천 서울 근교 당일치기 물놀이 명소 베스트 - 더픽	8.0	7.0	0.009915	1.2393750000000001	(direct) / (none)	2
구직급여 신청하기 일액 상한액 하한액 최저 최대 - 더픽	6.0	6.0	0.009833	1.6388333333333334	(direct) / (none)	1
어르신 노인 고령자 무임승차 지차체별 교통비용 지원 - 더픽	4.0	4.0	0.009593	2.39825	(direct) / (none)	3
주식 평단가(물타기) 계산기 - 더픽	9.0	9.0	0.009423	1.0470000000000002	kunsan.ac.kr / referral	2
중성지방 때문에 시작한 대마종자유, 3주 써보니 달라진 점들 - 더픽	12.0	10.0	0.00923	0.7691666666666667	(direct) / (none)	1
어디가니 늑구맵 바로가기 - https://zucca100.com/%ec%96%b4%eb%94%94%ea%b0%80%eb%8b%88-%eb%8a%91%ea%b5%ac%eb%a7%b5-%eb%b0%94%eb%a1%9c%ea%b0%80%ea%b8%b0/	1.0	1.0	0.009198	9.198	(direct) / (none)	1
[케이뱅크 공모주] 20주 말고 40주? 균등 배정 '풀 수량' 받는 전략 대공개! - 더픽	9.0	7.0	0.009155	1.0172222222222222	(direct) / (none)	3
예적금 실수령액 계산기 (세후 이자 확인) - 더픽	12.0	11.0	0.0091	0.7583333333333334	(direct) / (none)	3
이자계산기 - 더픽	9.0	9.0	0.009065	1.0072222222222222	(direct) / (none)	1
블로그를 시작하며: 초보 블로거의 첫걸음 - 더픽	5.0	5.0	0.008978	1.7956	(direct) / (none)	1
지금 가장 잘 나가는 초당옥수수 5종, 솔직 후기와 추천 포인트 - 더픽	6.0	6.0	0.00889	1.4816666666666667	m.search.naver.com / referral	2
목쿠션 TOP 5! 실제 구매자들이 극찬한 이유는? - 더픽	5.0	5.0	0.008828	1.7656000000000003	(direct) / (none)	2
2026 서울레이스 접수 신청 방법 하프 마라톤 11km 참가 일정 - 더픽	11.0	9.0	0.008819	0.8017272727272727	(direct) / (none)	1
넷플릭스 가격 할인 인하 무료 요금제 할인 받는 법 - 더픽	3.0	3.0	0.008808	2.936	(direct) / (none)	2
한경희 냉풍기 솔직 후기한경희 타워형 냉풍기 가정용 이동식 에어컨 냉방기 솔직 후기한경희 냉풍기 솔직 후기 - 더픽	17.0	16.0	0.008787999999999999	0.5169411764705881	m.search.naver.com / referral	3
올포홈 & 꿈비 리콜 및 환불 신청 - 더픽	12.0	11.0	0.008416	0.7013333333333334	m.search.naver.com / referral	4
나혼산 키 손톱깎이는 어떤 제품일까? - 나혼산 키 손톱깎이 리뷰 - 더픽	8.0	7.0	0.008392	1.049	m.search.naver.com / referral	3
요술진공냄비 인포벨 애드크로스 구매하기 - 더픽	11.0	9.0	0.008301	0.7546363636363635	(direct) / (none)	1
인터넷 속도를 빠르게 하는 방법 총정리 - 최대 30%까지 인터넷이 빨라져요 - 더픽	7.0	7.0	0.007971	1.1387142857142858	(direct) / (none)	4
맥북 단축키 완벽 정리: 작업 효율성을 높이는 필수 조합 - 더픽	18.0	16.0	0.007841	0.43561111111111117	naver / organic	4
[2026 최신] 아이폰 K-패스 사용자 주목! ‘모두의 카드’ 무제한 환급 조건 및 신청법 - 더픽	14.0	14.0	0.007802	0.5572857142857143	(direct) / (none)	3
양배추비타민 솔직 후기 – 놀라운 효과와 구매 전 반드시 알아야 할 모든 것 - 더픽	5.0	5.0	0.007703	1.5406	(direct) / (none)	3
고민 끝! 베르누아 침구 TOP 5, 구매 전 꼭 봐야 할 리얼 리뷰 - 더픽	9.0	7.0	0.007683	0.8536666666666667	m.search.naver.com / referral	2
야구여왕 출연진 | 야구여왕 다시보기 - 더픽	5.0	5.0	0.007595	1.519	(direct) / (none)	2
창억떡 호박인절미 바로가기 - 더픽	4.0	4.0	0.007594	1.8985	(direct) / (none)	1
블루티비 사이트 주소 링크 바로가기 - 더픽 #TS4MP:1:https:zucca100.com::%eb%b8%94%eb%a3%a8%ed%8b%b0%eb%b9%84-%ec%82%ac%ec%9d%b4%ed%8a%b8-%ec%a3%bc%ec%86%8c-%eb%a7%81%ed%81%ac-%eb%b0%94%eb%a1%9c%ea%b0%80%ea%b8%b0/:TS4MP#	1.0	1.0	0.007405	7.405	brunch.co.kr / referral	1
소상공인 비즈플러스카드 신청하기 - 더픽	5.0	5.0	0.007394	1.4788000000000001	(direct) / (none)	1
2026 신년운세 총정리! 띠별·토정비결·사주까지 한눈에 - 더픽	13.0	12.0	0.007117999999999999	0.5475384615384615	(direct) / (none)	5
인감증명서 온라인 발급 | 정부24 및 법인인감 발급 바로가기	3.0	3.0	0.007114	2.3713333333333333	(direct) / (none)	1
정부24 온라인 민원서류 발급 총정리 — 모바일신분증·전입신고·등본·인감증명서·건강보험증 | 주카 비즈	12.0	7.0	0.007041	0.58675	naver / organic	3
2026년 유튜브 프리미엄 우회 막힘 완벽 대안: 겜스고(GamsGo) 할인코드 및 챗GPT 싸게 쓰는 법 - 더픽	9.0	9.0	0.006716	0.7462222222222222	(direct) / (none)	4
포켓몬런 2026 in Seoul 예매 취소표 키트 굿즈 러닝 - 더픽	9.0	9.0	0.006456	0.7173333333333333	(direct) / (none)	2
촉촉한 황치즈칩 파는곳 & 실시간 재고 확인 (메가마트, 올리브영, 컬리 등)	18.0	6.0	0.006372	0.354	(direct) / (none)	1
精选 - 精选	0.0	3.0	0.00595	0	(direct) / (none)	2
안랩 V3 Lite & 무료백신 다운로드 | 공식 홈페이지 바로가기	2.0	2.0	0.005886	2.943	(direct) / (none)	1
Direct link to watch The Man Who Lives with the King OTT on Coupang Play for free - The Pick	0.0	2.0	0.005865	0	(direct) / (none)	1
교통사고 발생 시 꼭 알아야 할 보상금 청구 가이드 - 더픽	5.0	5.0	0.005856	1.1712	(direct) / (none)	2
예비군 홈페이지 바로가기 - 더픽	9.0	8.0	0.0058	0.6444444444444445	(direct) / (none)	2
3년 만에 2천만 원? 2026 청년미래적금 신설, 조건 안 맞으면 신청 전 '이것'부터 확인하세요! - 더픽	5.0	5.0	0.005784	1.1567999999999998	(direct) / (none)	2
콘드로이친 후기 – 솔직하게 말하는 장단점과 내돈내산 체험담 - 더픽	6.0	6.0	0.005719	0.9531666666666667	(direct) / (none)	2
국제운전면허증 온라인 발급 조회 방법 - 더픽	10.0	10.0	0.005619	0.5619	bing / organic	2
실시간 고속도로 교통상황 조회 | CCTV & 정체구간 확인 (로드플러스) - 더픽	8.0	7.0	0.00546	0.6825	kunsan.ac.kr / referral	3
게임 아이템 거래 플랫폼 추천 & 바로가기 - 랜덤 순위 가이드	6.0	5.0	0.005216	0.8693333333333334	(direct) / (none)	1
원기날씨 정확도와 위젯·PC 확인법 총정리 | 주카 비즈	1.0	1.0	0.005184	5.184	naver / organic	1
TQQQ·SQQQ 보유자 긴급공지 | ProShares ETF 22개 액면분할 - 더픽	8.0	8.0	0.005169	0.646125	(direct) / (none)	3
레일크루즈 해랑열차 예약 바로가기 | 가격, 코스, 객실 요금 완벽 가이드	5.0	4.0	0.0051660000000000005	1.0332000000000001	(direct) / (none)	2
미스트롯4 방청 신청 마감! 대국민 응원투표 하는 방법과 집에서 무료로 다시보는 방법 총정리 - 더픽	4.0	4.0	0.004904	1.2260000000000002	(direct) / (none)	2
방수매트 솔직한 후기 - 프로텍트어베드 언더패드 매트리스커버, 진짜 만족할까? - 더픽	6.0	6.0	0.004888	0.8146666666666667	(direct) / (none)	2
2026 조기폐차 지원금 신청하기 - 더픽	6.0	6.0	0.004809	0.8015	(direct) / (none)	1
영등포자이 디그니티 불법행위 취소주택 청약 바로가기 - 더픽	6.0	6.0	0.004703000000000001	0.7838333333333334	(direct) / (none)	2
대상포진 증상 - 더픽	5.0	5.0	0.004644	0.9288	(direct) / (none)	2
블로그 | 주카 비즈	34.0	13.0	0.004432	0.1303529411764706	shield-ui.nsa-front-end.svc.pr1.io.navercorp.com / referral	5
메타몽 놀이터 예약 굿즈 성수 서울숲 방법 - 더픽	12.0	11.0	0.004431	0.36925	(direct) / (none)	2
구직급여 계산 방법 총정리 — 2026년 상한액·하한액, 모의계산 | 생활정보 나침반	20.0	10.0	0.004261000000000001	0.21305000000000004	(direct) / (none)	6
신한은행 운동화 적금 가입 하기 - 더픽	7.0	7.0	0.004241	0.6058571428571429	(direct) / (none)	1
前往 Gamesgo 折扣码 - 精选推荐	0.0	2.0	0.004092	0	(direct) / (none)	2
연애기숙학교 돌싱N모솔 출연진 인스타 주소 총정리 | 티빙, 쿠팡플레이 보러가기	2.0	2.0	0.004089	2.0444999999999998	(direct) / (none)	1
스타벅스 회원탈퇴 환불방법 바로가기 - 더픽	8.0	7.0	0.004009	0.501125	(direct) / (none)	2
구라제거기 다운로드 - 은행 보안프로그램 한방에 제거하기 - 더픽	10.0	9.0	0.0038840000000000003	0.3884	naver / organic	3
Contact - 더픽	29.0	28.0	0.003831	0.13210344827586207	(direct) / (none)	7
나는솔로 31기 인스타 모음 - 더픽 #TS4MP:1:https:zucca100.com::iam-solo-31/:TS4MP#	1.0	1.0	0.00369	3.69	naver / organic	1
부산 지하철 노선도 바로가기 | 1~4호선, 동해선, 부산김해경전철 네이버 지도 길찾기	11.0	8.0	0.003678	0.3343636363636363	(direct) / (none)	1
카카오톡 PC버전 다운로드 및 설치 방법 - 더픽	11.0	11.0	0.003661	0.33281818181818185	(direct) / (none)	2
제주 롯데마트에 대해 검색하였습니다 - 더픽	1.0	1.0	0.003407	3.407	(direct) / (none)	1
크리스탈데오드란트 TOP 5 추천 - 실사용 후기와 추천 포인트 총정리 - 더픽	9.0	9.0	0.003389	0.37655555555555553	(direct) / (none)	3
2026년 5월 1일 공휴일 확정 - 더픽	9.0	9.0	0.003385	0.3761111111111111	(direct) / (none)	1
하임에 대해 검색하였습니다 - 더픽	2.0	1.0	0.00332	1.66	(direct) / (none)	1
캡콤 프래그마타 다운로드 바로가기 - 더픽	9.0	9.0	0.003239	0.3598888888888889	(direct) / (none)	1
ISA 계좌 단점 총정리 | 개설 전 꼭 확인해야 할 7가지 주의사항 - 더픽	5.0	3.0	0.003213	0.6426000000000001	(direct) / (none)	2
출국 납부금 환급 서비스 홈페이지 바로가기 | tour-refund.kr	7.0	7.0	0.003199	0.457	(direct) / (none)	3
민생회복 소비쿠폰 2025 | 전 국민 15만원~45만원 지급, 신청방법부터 사용처까지 - 더픽	7.0	6.0	0.003184	0.45485714285714285	(direct) / (none)	1
내보험찾아줌 숨은 보험금 찾기, 잊고 있던 내 돈 12조 원 환급받는 법 - 더픽	4.0	4.0	0.003176	0.794	(direct) / (none)	2
실제 사용자가 뽑은 김동완 돈까스 추천 5선 | 장점·단점·후기 총정리 - 더픽	5.0	5.0	0.003157	0.6314000000000001	m.search.naver.com / referral	2
고관절 스트레칭: 건강한 일상을 위한 효과적인 방법 - 더픽	4.0	4.0	0.003047	0.7617499999999999	(direct) / (none)	2
서울시 손목닥터 9988 앱 다운로드 및 포인트 사용 안내	1.0	1.0	0.003032	3.032	(direct) / (none)	1
일용직 소득신고 4대보험 가입기준 실업급여 환급 팁 - 더픽	5.0	5.0	0.0028859999999999997	0.5771999999999999	(direct) / (none)	2
여성기업 혜택 및 확인서 신청 방법 - 더픽	7.0	7.0	0.002851	0.40728571428571425	(direct) / (none)	1
세금(취득세·양도세) 간편 계산기 - 더픽	4.0	4.0	0.002772	0.6930000000000001	(direct) / (none)	2
무료로 풍성한 지식의 바다를 탐험하는 방법: 알아두면 좋은 무료전자책 서비스 - 더픽	4.0	5.0	0.002691	0.67275	(direct) / (none)	3
온누리상품권 사용처 가맹점 조회 앱 다운로드 - 더픽	11.0	9.0	0.0026190000000000002	0.23809090909090913	(direct) / (none)	3
2026 부모급여 신청방법 | 100만원 놓치지 않는 방법 - 더픽	9.0	8.0	0.0025960000000000002	0.28844444444444445	(direct) / (none)	3
1초 만에 MP3 MP4 자르기! 프로그램 설치 없는 동영상 편집 사이트 추천 - 더픽	6.0	5.0	0.00255	0.42500000000000004	(direct) / (none)	2
[2026 소상공인 경영안정 바우처] 신청 자격 및 사용처 총정리 (최대 25만원) - 더픽	5.0	5.0	0.002449	0.48979999999999996	(direct) / (none)	3
오늘의 별자리 운세 | 별자리 찾기	1.0	1.0	0.00244	2.44	(direct) / (none)	1
퍼센트 계산기 - 더픽 #TS4MP:1:https:zucca100.com::%ed%8d%bc%ec%84%bc%ed%8a%b8-%ea%b3%84%ec%82%b0%ea%b8%b0/:TS4MP#	2.0	1.0	0.002314	1.157	(direct) / (none)	1
가요무대 출연진 및 방청 신청 안내 | KBS 1TV 공식 홈페이지 바로가기	3.0	2.0	0.002307	0.769	(direct) / (none)	1
"돈 버리기 금지" 다이소에서 사면 무조건 후회하는 물건 TOP 5 - 더픽	8.0	7.0	0.002248	0.281	(direct) / (none)	3
대한민국 직장인 평균 연봉 4,500만원의 함정? 내가 상위 몇 %인지 확인하는 법 - 더픽	4.0	4.0	0.002226	0.5565	(direct) / (none)	2
Tautan langsung untuk menonton The Man Who Lives with the King di OTT Coupang Play secara gratis - The Pick	0.0	1.0	0.002166	0	m.search.naver.com / referral	1
차량5부제 요일 제외 차량 바로가기 - 더픽	4.0	3.0	0.002149	0.53725	(direct) / (none)	1
밀양 반값여행 신청 방법 하는법 - 더픽	6.0	6.0	0.002043	0.3405	(direct) / (none)	2
사진 용량 줄이기 | 화질 손실 없이 이미지 용량 90% 줄이는 비결 (WebP 변환) - 더픽	4.0	4.0	0.001993	0.49824999999999997	(direct) / (none)	2
SBTI 무료 테스트 | 나의 성적 행동 유형 확인하기 (Sexual Behavior Type Indicator)	5.0	4.0	0.001987	0.39740000000000003	inesstory.com / referral	1
예술활동준비금 신청방법 지원대상 및 지급시기 안내 - 더픽	2.0	2.0	0.001958	0.9790000000000001	(direct) / (none)	2
네이트온(NateOn) 공식 다운로드 | PC, Mac, 모바일 앱 바로가기	1.0	1.0	0.0019	1.9	bing / organic	1
눈 앞에 떠다니는 점들, 비문증의 모든 것 - 더픽	5.0	5.0	0.001833	0.36660000000000004	m.search.naver.com / referral	2
Telegram PC Version Download - The Pick	0.0	1.0	0.0018	0	google / organic	1
구매 전 필독! 자빈드서울 TOP 5, 진짜 후기와 장단점 공개 - 더픽	6.0	6.0	0.001756	0.2926666666666667	(direct) / (none)	2
오리젠에 대해 검색하였습니다 - 더픽	1.0	1.0	0.00174	1.74	m.search.naver.com / referral	1
iOS 26 베타 삭제하는 방법 | ios 26 베타에서 정식 버전으로 다운그레이드 하는 방법 - 더픽	6.0	6.0	0.001698	0.283	(direct) / (none)	2
2026 월드컵 8강 결과·준결승 대진·일정 총정리 (한국시간)	4.0	2.0	0.001691	0.42275	(direct) / (none)	2
기초연금 조회·확인 방법과 환급·발급 오해 총정리 | 생활정보 나침반	1.0	1.0	0.001684	1.684	naver / cpc	1
히가시노 게이고 작가 별세 추모 도서 특별전 추천 명작 베스트 - 더픽	9.0	7.0	0.00168	0.18666666666666668	(direct) / (none)	2
복지로 앱 다운로드 바로가기 - 더픽	5.0	5.0	0.001651	0.3302	(direct) / (none)	1
前往樂天快遞即時配送追蹤 - The Pick	0.0	1.0	0.001624	0	(direct) / (none)	1
티머니GO 고객센터 및 앱 다운로드 안내 (고속/시외버스 연동)	4.0	4.0	0.001605	0.40125	(direct) / (none)	1
ebsi 고객센터 전화번호 상담원 연결 바로가기 - 더픽	6.0	5.0	0.001532	0.2553333333333333	(direct) / (none)	3
前往 GamesGo YouTube 聊天 GPT 折扣码 TA9Y3 - 精选推荐	0.0	3.0	0.001527	0	(direct) / (none)	1
파비플로라: 현대인의 다이어트 솔루션 - 더픽	3.0	3.0	0.00148	0.49333333333333335	(direct) / (none)	2
"전기세 폭탄 주범" 나도 모르게 돈 새나가는 가전 습관 TOP 5 - 더픽	3.0	3.0	0.001465	0.48833333333333334	(direct) / (none)	2
How to Watch BTS Comeback Live ‘ARIRANG’ on Netflix - 더픽	10.0	9.0	0.00136	0.136	(direct) / (none)	1
애터미몰 이벤트 칫솔 치약 선크림 바로가기 - 더픽	7.0	4.0	0.001349	0.1927142857142857	naver / organic	2
全國包裹追蹤綜合指南🚚	0.0	1.0	0.001287	0	(direct) / (none)	1
sk상품권 사용처 백화점 마트 아울렛 조회하기 - 더픽	8.0	7.0	0.001278	0.15975	(direct) / (none)	3
CJ대한통운 배송조회 택배조회 실시간 위치추적 고객센터 바로가기 - 더픽	4.0	4.0	0.001278	0.3195	(direct) / (none)	2
이미지 용량 줄이기 고생하며 화질 다 깨졌다면? 알고 보니 클릭 한 번에 WebP 변환까지 끝! - 더픽	5.0	5.0	0.001272	0.2544	(direct) / (none)	2
팡파티 연예인 패션 선글라스 솔직 후기 - 더픽	5.0	5.0	0.001266	0.2532	m.search.naver.com / referral	2
뮤즈스코어 다운로드 설치 알아보기 - 더픽	0.0	1.0	0.001241	0	(not set)	1
Best BMI Calculator 2025: Free, Fast & Accurate Body Mass Index Too - 더픽	6.0	6.0	0.001236	0.206	(direct) / (none)	2
하나저축은행 사잇돌2 대출 후기: 신용점수 낮아도 3천만원까지 가능할까? - 더픽	7.0	6.0	0.001235	0.17642857142857143	(direct) / (none)	2
네이버플러스 멤버십 가입하기 - 더픽	12.0	12.0	0.0012159999999999999	0.10133333333333332	(direct) / (none)	4
맥모닝 시간 햄버거 메뉴 스낵랩 주문 배달 주문 바로가기 - 더픽	9.0	8.0	0.001181	0.1312222222222222	(direct) / (none)	2
고민 끝! 유인어스 TOP 5, 구매 전 꼭 봐야 할 리얼 리뷰 - 더픽	4.0	4.0	0.0011220000000000002	0.2805	m.search.naver.com / referral	3
Go to King Kong TV Free Site - The Pick	0.0	7.0	0.001092	0	contents.premium.naver.com / referral	2
젠더리빌 파티 완벽 가이드 🎉 준비부터 케이크까지 모든 것! - 더픽	4.0	4.0	0.001068	0.26699999999999996	m.search.naver.com / referral	3
리모와 오리지널 캐빈 캐리어 31L 실버 솔직 후기 - 더픽	9.0	9.0	0.0010659999999999999	0.11844444444444444	(direct) / (none)	3
테라브레스 TOP 5 추천 - 실사용 후기와 추천 포인트 총정리 - 더픽	5.0	5.0	0.001065	0.213	(direct) / (none)	2
난자 냉동 비용 지원 2026 정부지원금 신청방법 - 더픽	7.0	7.0	0.001062	0.1517142857142857	(direct) / (none)	1
네이버플러스 멤버십 가격 할인 인하 무료 요금제 할인 받는 방법 - 더픽	7.0	7.0	0.001022	0.146	(direct) / (none)	3
민생회복 소비쿠폰 사용가능매장 리스트 | 다이소, 올리브영 - 더픽	7.0	6.0	0.000986	0.14085714285714285	(direct) / (none)	1
임플란트 가격비교 조회 사이트	2.0	2.0	0.000932	0.46599999999999997	(direct) / (none)	1
이의제기에 대해 검색하였습니다 - 더픽	1.0	1.0	0.00093	0.93	m.search.naver.com / referral	1
알레르망 TOP 5 추천 - 실사용 후기와 추천 포인트 총정리 - 더픽	6.0	5.0	0.000877	0.14616666666666664	(direct) / (none)	2
아파트 리모델링 완벽 가이드: 비용부터 주의사항까지 - 더픽	8.0	8.0	0.0008629999999999999	0.107875	naver / organic	4
연말정산 절세 가이드 (30대, 40대 직장인을 위한 연말정산 절세 팁) - 더픽	4.0	4.0	0.0008629999999999999	0.21575	(direct) / (none)	3
농할상품권 2026 구매 및 제로페이 사용처 총정리 - 더픽	4.0	5.0	0.0008619999999999999	0.21549999999999997	(direct) / (none)	3
구리에 대해 검색하였습니다 - 더픽	1.0	1.0	0.000843	0.843	(direct) / (none)	1
오행분석 완벽 가이드 — 목화토금수 뜻부터 무료 오행분석 사이트까지 | 주카 비즈	7.0	5.0	0.000832	0.11885714285714286	google / cpc	4
Перейти к расписанию повторных трансляций Hidden Singer на OTT-платформе - The Pick	0.0	1.0	0.000808	0	(direct) / (none)	1
아이패드 구매를 고민하시나요? – 믿을 수 없는 성능과 솔직한 장단점, 실사용 구매가이드 - 더픽	5.0	4.0	0.0007750000000000001	0.15500000000000003	(direct) / (none)	3
중소기업 취업자 소득세 감면신청서 작성방법에 대해 검색하였습니다 - 더픽	2.0	1.0	0.000749	0.3745	naver / organic	1
킹콩티비에 대해 검색하였습니다 - 더픽	1.0	1.0	0.000738	0.7380000000000001	(direct) / (none)	1
쿠팡이츠 고객센터 전화번호 상담원연결 - 더픽	6.0	6.0	0.000736	0.12266666666666667	(direct) / (none)	1
손해사정사 무료 선임 제도 완벽 가이드: 보험소비자의 권리 보호하기 - 더픽	4.0	4.0	0.000728	0.182	(direct) / (none)	2
잭링크스 비프 스테이크 바 데리야키 육포 솔직 후기 - 더픽	5.0	5.0	0.000692	0.1384	(direct) / (none)	2
미라클 시드니 시리즈 A 30ml 1개 주름깨 주름 개선 기능성 화장품 솔직 후기 - 더픽	4.0	4.0	0.000635	0.15875	(direct) / (none)	2
7월부터 주택대출 더 어려워진다? 스트레스DSR 3단계 완벽 대비법 공개!(627대책) - 더픽	6.0	6.0	0.000607	0.10116666666666667	(direct) / (none)	3
한국전력공사 고객센터 바로가기 - 더픽	5.0	5.0	0.000602	0.1204	(direct) / (none)	2
냉방비지원금(냉방지원금) 총정리 — 대상·자격·조회·지급일 한눈에 | 주카 비즈	6.0	6.0	0.000587	0.09783333333333333	(not set) / cpc	5
건강보험 미환급금 원클릭 조회 및 신청 방법 총정리 - 더픽	6.0	6.0	0.000568	0.09466666666666668	(direct) / (none)	1
시티즌코난 앱 다운로드 - 더픽	7.0	7.0	0.000553	0.079	(direct) / (none)	2
짱구 말랑말랑 흰둥이 무드등 취침등 수면등 솔직 후기 - 더픽	4.0	4.0	0.000544	0.136	(direct) / (none)	2
해촉증명서 발급 신청 확인 - 더픽	1.0	1.0	0.000535	0.535	(direct) / (none)	1
전세 사기 예방, 10분만 투자하면 평생 자산 지킨다? 알고 보니 '이것' 하나로 80% 차단! - 더픽	5.0	5.0	0.000522	0.1044	(direct) / (none)	2
나는솔로 29기 영철 정숙 방문! 경주 대추밭백한의원 예약 바로가기	1.0	1.0	0.000517	0.517	(direct) / (none)	1
210585610185에 대해 검색하였습니다 - 더픽	1.0	1.0	0.000514	0.514	(direct) / (none)	1
삼성페이 오류 해결 방법 | 카드 재등록, 고객센터, 공식 홈페이지 안내	1.0	1.0	0.000509	0.509	(direct) / (none)	1
테슬라 주가 분석: 2025년 투자 전망과 관련 종목 추천 - 더픽	5.0	5.0	0.000502	0.10039999999999999	(direct) / (none)	2
견적서 양식 무료 다운로드 엑셀 한글 워드 pdf - 더픽 #TS4MP:1:https:zucca100.com::quote-download/:TS4MP#	1.0	1.0	0.000499	0.499	naver / organic	1
치지직 월드컵 중계 바로가기 | 2026 월드컵 8강 결과·준결승 일정	4.0	4.0	0.000472	0.118	(direct) / (none)	1
일사편리 부동산정보조회 | 토지대장, 건축물대장 종합 열람	1.0	1.0	0.000463	0.46299999999999997	(direct) / (none)	1
라디오 다시듣기 모음 (MBC, SBS, KBS, CBS, YTN, CPBC, EBS)	2.0	1.0	0.000451	0.2255	(direct) / (none)	1
Vote for Unknown Legend - The Pick	0.0	6.0	0.000447	0	google / organic	1
라부부인형 후기 – 솔직하게 밝히는 기대 이상의 매력과 아쉬운 점 총정리 - 더픽	5.0	5.0	0.000407	0.0814	(direct) / (none)	2
혼인신고일 조회 방법 완전정리 | 5분 만에 확인하는 법 - 더픽	2.0	2.0	0.000401	0.20049999999999998	(direct) / (none)	2
양육비 선지급제 완벽 가이드: 월 20만원 지원받는 방법과 신청 절차 - 더픽	2.0	2.0	0.0004	0.2	(direct) / (none)	1
취득세 절세 필수 정보 8가지: 주택 보유수별 세율 비교 및 계산방법 - 더픽	4.0	4.0	0.000398	0.0995	(direct) / (none)	2
추억의 윈도우 지뢰찾기 다운로드 (구버전 & 신버전)	1.0	1.0	0.000398	0.398	(direct) / (none)	1
GLP-1 비만치료제 완벽 가이드: 삭센다와 위고비, 정말 효과 있을까? - 더픽	9.0	9.0	0.000354	0.03933333333333333	(direct) / (none)	3
국민건강보험공단 건강보험25시 앱 다운로드 (PC/모바일)	4.0	4.0	0.000349	0.08725000000000001	(direct) / (none)	1
사과게임 (과일박스) 싱글 및 멀티 플레이 (온라인 대전) 바로가기	2.0	2.0	0.000343	0.17149999999999999	(direct) / (none)	1
Book War of Destiny Jiseon Doryeong - The Pick	0.0	1.0	0.000335	0	(direct) / (none)	1
2026 경남 모다드림 청년통장 총정리: 2년 만에 960만 원+알파 목돈 만들기 - 더픽	4.0	4.0	0.000318	0.0795	(direct) / (none)	2
월드컵 에 대해 검색하였습니다 - 더픽	1.0	1.0	0.000314	0.314	(direct) / (none)	1
제로웨이스트가 무엇인가요? 지구를 위한 작은 실천이 만드는 큰 변화 - 더픽	6.0	6.0	0.000311	0.051833333333333335	(direct) / (none)	2
정부24 - 지방세 납세증명 발급 방법 - 지방세 납세증명서 - 더픽	3.0	3.0	0.000308	0.10266666666666667	(direct) / (none)	2
셋로그(Setlog) 앱 다운로드 및 설치 안내 | 안드로이드, 아이폰 바로가기	4.0	3.0	0.000303	0.07575	(direct) / (none)	2
아이돌봄서비스 필수 준비물 국민행복카드 신청방법 & 카드사별 혜택 바로가기 (구형 카드 사용 불가!) - 더픽	4.0	4.0	0.000276	0.06899999999999999	(direct) / (none)	2
Go to Daewoo Electronics Service Center - The Pick	0.0	1.0	0.000274	0	(direct) / (none)	1
중소기업확인서 발급 조회 방법 알아보기 - 더픽	1.0	1.0	0.000271	0.27099999999999996	(direct) / (none)	1
중계에 대해 검색하였습니다 - 더픽	1.0	1.0	0.000266	0.266	(direct) / (none)	1
구직급여 신청방법 및 조건 금액 - 더픽	5.0	5.0	0.000244	0.0488	(direct) / (none)	1
"냉장고가 돈 먹는 하마?" 전기세 20% 아끼는 냉장고 정리 꿀팁 - 더픽	3.0	3.0	0.000244	0.08133333333333334	(direct) / (none)	1
유튜브 프리미엄 할인 가격 인하 무료 공유 - 더픽	6.0	6.0	0.000242	0.04033333333333334	(direct) / (none)	2
기사 산업기사 접수일정 공부법 자격요건 종류 필기 실기 공부법 정리 - 더픽	7.0	7.0	0.000242	0.03457142857142857	(direct) / (none)	5
재외교육기관포털 공식 홈페이지 누리집 바로가기 - 더픽	6.0	6.0	0.000239	0.03983333333333334	(direct) / (none)	1
구직급여 총정리 — 실업급여와 같은 말, 조건·금액·신청방법 한눈에 | 주카 비즈	4.0	4.0	0.000232	0.058	shield-ui.nsa-front-end.svc.pr1.io.navercorp.com / referral	3
택시 분실물 찾기 사례금 조회 전화 센터 신고 사례비 방법 알아보기 - 더픽	3.0	2.0	0.00023	0.07666666666666667	(direct) / (none)	1
장기렌트 필수 앱 차즘(Chazm) 다운로드 및 이벤트 안내	2.0	2.0	0.000227	0.11349999999999999	(direct) / (none)	1
Free Sports Streaming King Kong TV - Real-time High-Definition Sports Streaming	0.0	1.0	0.00022	0	(direct) / (none)	1
자영업자 폐업신고 절차 및 세금 환급 받는 법, 2026년 폐업 후 필독 가이드 - 더픽	4.0	4.0	0.000219	0.05475	(direct) / (none)	2
스마트패스 발급 및 어플 다운로드 - 더픽	6.0	6.0	0.000207	0.034499999999999996	(direct) / (none)	2
아이엠복서OTT 다시보기 | 아이엠복서 출연진 - 더픽	3.0	3.0	0.0002	0.06666666666666667	(direct) / (none)	2
거주자우선주차 신청방법 시간 신청 - 더픽	4.0	4.0	0.000194	0.0485	(direct) / (none)	2
스케치업에 대해 검색하였습니다 - 더픽	1.0	1.0	0.000192	0.192	(direct) / (none)	1
고객센터에 대해 검색하였습니다 - 23 / 4 페이지 - 더픽	1.0	1.0	0.000191	0.191	(direct) / (none)	1
2026 청년일자리도약장려금 & 도전지원사업 총정리: 최대 1,200만 원 지원, 신청 전 필수 체크리스트 - 더픽	4.0	4.0	0.00019	0.0475	(direct) / (none)	2
창문형에어컨 후기 – 믿을 수 없는 무풍의 매력과 솔직한 사용 경험 - 더픽	6.0	6.0	0.000187	0.03116666666666667	(direct) / (none)	2
60대 동안 스킨케어: 젊음 유지하는 필수 팁과 제품 추천 - 더픽	7.0	7.0	0.000176	0.025142857142857144	(direct) / (none)	2
2026년 전기차 구매보조금 지원 안내	1.0	1.0	0.000171	0.171	(direct) / (none)	1
2026년 근로장려금 신청 자격, 기간, 방법 총정리 (최대 330만 원 혜택!) - 더픽	4.0	4.0	0.00017	0.0425	(direct) / (none)	2
통신사 고객센터 링크 모음 | SKT KT LGU+ 알뜰폰 고객센터	1.0	1.0	0.000165	0.165	(direct) / (none)	1
2026 고3 5월 모의고사 등급컷 확인 | EBS·이투스·메가스터디 학력평가 결과	1.0	1.0	0.000158	0.158	bing / organic	1
210578781943에 대해 검색하였습니다 - 더픽	1.0	1.0	0.000154	0.154	(direct) / (none)	1
홈택스 현금영수증 조회 모바일 PC 발급방법 - 더픽	6.0	6.0	0.00015	0.024999999999999998	(direct) / (none)	3
치지직 월드컵 중계 바로가기 | 2026 월드컵 한국 경기 일정	1.0	1.0	0.00015	0.15	(direct) / (none)	1
The Pick - The Pick	0.0	6.0	0.000149	0	(direct) / (none)	3
튼살크림 솔직 후기 – 일리윤 튼살크림, 믿을 수 없는 변화와 아쉬운 점까지 모두 공개! - 더픽	6.0	6.0	0.000148	0.024666666666666667	(direct) / (none)	3
KB국민은행 마이너스통장 개설 조건 서류 시간 소요시간 방법 - 더픽	5.0	5.0	0.000142	0.0284	(direct) / (none)	3
침향, 향의 제왕이라 불리는 천년의 보물 - 더픽	4.0	4.0	0.000142	0.035500000000000004	(direct) / (none)	2
고유가에 대해 검색하였습니다 - 더픽	2.0	1.0	0.000141	0.07050000000000001	(direct) / (none)	1
신한카드 해지방법 어플 앱 연회비 환불 해지하는 방법 - 더픽	2.0	2.0	0.000135	0.0675	(direct) / (none)	2
2026년 고유가 피해지원금 잔액조회 및 사용처 안내	2.0	2.0	0.000132	0.066	(data not available)	2
임산부 전기요금 감면(전기세 할인) 신청방법 총정리 | 주카 비즈	4.0	4.0	0.000126	0.0315	m.search.naver.com / referral	3
장마철 필수템: 헌터 레인부츠 (숏/미들/롱 사이즈)	2.0	2.0	0.000125	0.0625	(direct) / (none)	1
사진으로 꽃 이름 찾기 어플 추천 BEST 4 (바로가기)	1.0	1.0	0.000123	0.12300000000000001	(direct) / (none)	1
클립 스튜디오 페인트 다운로드 설치 바로가기 - 더픽	2.0	3.0	0.000116	0.058	(not set)	3
대출 이자 및 중도상환 수수료 계산기 - 더픽	5.0	5.0	0.000115	0.023	(direct) / (none)	1
겜스고에 대해 검색하였습니다 - 더픽	4.0	3.0	0.000113	0.028249999999999997	(direct) / (none)	2
바로가기에 대해 검색하였습니다 - 더픽	1.0	1.0	0.000112	0.112	naver / organic	1
Unknown Legend: The People's Choice | Voting Guide	0.0	1.0	0.000112	0	(direct) / (none)	1
zucca, 더픽의 작성자 - 139 / 139 페이지	1.0	1.0	0.000108	0.108	(direct) / (none)	1
Go to SBTI Test - The Pick	0.0	2.0	0.000108	0	google / organic	1
GPT-5.3 Codex vs Claude Opus 4.6 비교: 성능 분석 및 구독료 70% 아끼는 법 - 더픽	5.0	5.0	0.000106	0.0212	(direct) / (none)	1
신세계상품권 사용처 공식판매처 위탁판매처 알아보기 - 더픽	3.0	3.0	0.000106	0.035333333333333335	(direct) / (none)	2
2026년 연말정산 미리보기 - 절세 체크리스트로 13월의 월급 놓치지 마세요! - 더픽	3.0	3.0	0.000104	0.034666666666666665	(direct) / (none)	2
티빙 개인정보 유출 조회 바로가기 | TVING 유출 여부 확인 안내	1.0	1.0	9.8e-05	0.098	(direct) / (none)	1
국민비서 구삐(Guppi) 신청 및 공식 홈페이지 바로가기	1.0	1.0	9.7e-05	0.097	(direct) / (none)	1
2025년 민생회복 소비쿠폰 신청방법 | 최대 50만원 지급대상·신청기간 민생회복 소비쿠폰 지급 기본계획 총정리 - 더픽	3.0	3.0	9.3e-05	0.031	(direct) / (none)	2
2025 대한민국 숙박세일페스타 | 최대 7만원 할인받는 방법 - 더픽	3.0	3.0	9.1e-05	0.030333333333333334	(direct) / (none)	1
50+ 두 번째 인생 가이드 — 은퇴 후 생활·취미·관계 이야기 | 주카 비즈	7.0	7.0	8.4e-05	0.011999999999999999	naver / organic	4
Cloudflare（CDN）大规模宕机导致全球互联网瘫痪——原因及应对措施总结——The Pick	0.0	1.0	8.4e-05	0	(direct) / (none)	1
2025년 민생회복지원금 완벽 가이드: 신청부터 사용까지 A to Z - 더픽	5.0	5.0	8.2e-05	0.016399999999999998	(direct) / (none)	1
탄소중립실천포인트 가입 방법 및 인센티브 입금 받기 - 더픽	3.0	3.0	7.9e-05	0.02633333333333333	(direct) / (none)	1
탄소중립실천포인트 가입방법 및 실천다짐금 5,000원 받는 법 총정리 (2026년) | 생활정보 나침반	14.0	4.0	7.8e-05	0.005571428571428572	(not set) / cpc	3
무신사뷰티페스타 일정 기간 가격 쿠폰 바로가기 - 더픽	4.0	4.0	7.8e-05	0.0195	(direct) / (none)	2
2026년 보금자리론 자격요건 소득기준 신청방법 금리 - 더픽	4.0	4.0	7.5e-05	0.01875	(direct) / (none)	2
교보생명 고객센터 전화번호 및 바로가기 (상담 시간, 지점 위치 안내) - 더픽	8.0	8.0	6.4e-05	0.008	(direct) / (none)	1
위닉스 뽀송 후기 – 솔직하게 느낀 장단점, 실사용자가 알려주는 구매 체크포인트! - 더픽	4.0	4.0	5.8e-05	0.0145	(direct) / (none)	2
스탠리 퀜처 플로우 스테이트 텀블러 솔직 후기 - 더픽	4.0	4.0	5.6e-05	0.014	(direct) / (none)	2
활력보험지원금, 알아야 받는다! 2025년 최신 정보 완전 정리 - 더픽	6.0	6.0	3.8e-05	0.006333333333333333	(direct) / (none)	1
네이버페이 50만원 받는 법 ✅ 서민금융진흥원 금융교육 이벤트 총정리 - 더픽	5.0	5.0	3.8e-05	0.0076	(direct) / (none)	2
기상청 동네예보 완전 정복! 내 동네 날씨를 정확히 아는 비법 - 더픽	4.0	4.0	3.6e-05	0.009000000000000001	(direct) / (none)	2
바로가기에 대해 검색하였습니다 - 81 / 2 페이지 - 더픽	1.0	1.0	3.1e-05	0.031	naver / organic	1
울산 어르신교통카드: 발급 대상, 신청 방법 및 분실 시 재발급 총정리 - 더픽	4.0	4.0	2.6e-05	0.0065	(direct) / (none)	2
[공모주 투자] 주식회사 에스팀 공모주 청약 정보 총정리: 기관 확약 42.4%의 매력적인 수치! - 더픽	3.0	3.0	2.5e-05	0.008333333333333333	(direct) / (none)	1
갱년기영양제 1위 복용시간 언제부터 백수오 에스트로겐 성분 먹는시간 - 더픽	6.0	6.0	2.2e-05	0.0036666666666666666	(direct) / (none)	1
ダピック - ダピック	0.0	1.0	2.1e-05	0	(direct) / (none)	1
《命运之战》作者：Jiseon Doryeong - The Pick	0.0	1.0	1e-05	0	(direct) / (none)	1
Go to Departure Fee Refund Service Website | tour-refund.kr	0.0	1.0	9e-06	0	(direct) / (none)	1
[속보] 윤석열 선고 실시간 생중계 보는 곳 (SBS, MBC, 연합뉴스, 종편 채널 모음) - 더픽	6.0	6.0	6e-06	0.001	(direct) / (none)	3
경남도민생활지원금 신청 및 안내 | 혜택 확인 바로가기	1.0	1.0	6e-06	0.006	(direct) / (none)	1
생활정보 나침반 | 생활·금융·정책 정보 블로그	244.0	59.0	0.0	0.0	shield-ui.nsa-front-end.svc.pr1.io.navercorp.com / referral	12
겜스고(GamsGo) 프로모션 코드 TA9Y3 - 유튜브 프리미엄 4,000원대	98.0	97.0	0.0	0.0	naver / organic	7
Frontend Note | 프론트엔드 실무 코드 자료실	37.0	39.0	0.0	0.0	(direct) / (none)	2
블로그 | 생활정보 나침반	65.0	8.0	0.0	0.0	m.search.naver.com / referral	5
Frontend Note - 프론트엔드 실무 코드 자료실	32.0	30.0	0.0	0.0	(direct) / (none)	2
Frontend Note - 프론트엔드 구현 케이스 스터디	28.0	23.0	0.0	0.0	(direct) / (none)	2
Frontend Note | 프론트엔드 구현 케이스 스터디	31.0	23.0	0.0	0.0	(direct) / (none)	2
Frontend Note | 브라우저 파일 처리와 프론트엔드 실무 코드 자료실	15.0	1.0	0.0	0.0	(direct) / (none)	1
겜스고(GamsGo) 프로모션 코드 TA9Y3 - 유튜브 프리미엄, 넷플릭스 최저가	22.0	19.0	0.0	0.0	naver / organic	5
신한카드 홈페이지 바로가기 - 더픽	11.0	11.0	0.0	0.0	(direct) / (none)	1
사과게임 링크·멀티 게임 총정리 — 하는 법부터 점수 공략까지 | 주카 비즈	11.0	3.0	0.0	0.0	(not set) / cpc	2
티머니GO 버스예매 방법·예매변경·취소환불 총정리 | 생활정보 나침반	16.0	2.0	0.0	0.0	shield-ui.nsa-front-end.svc.pr1.io.navercorp.com / referral	2
"유튜브 끊긴다면?" 느린 와이파이 2배 빨라지는 공유기 명당 위치 - 더픽	11.0	4.0	0.0	0.0	m.blog.naver.com / referral	2
티머니 카드 사용법·충전·분실·환불 총정리 — 티머니GO 앱과 차이 | 생활정보 나침반	14.0	3.0	0.0	0.0	shield-ui.nsa-front-end.svc.pr1.io.navercorp.com / referral	3
티머니GO 결제·취소수수료·환불·오류 해결 총정리 | 생활정보 나침반	12.0	2.0	0.0	0.0	shield-ui.nsa-front-end.svc.pr1.io.navercorp.com / referral	2
2026년 부가가치세 신고 기간 및 절세 방법 총정리 (개인사업자, 간이과세자) - 더픽	7.0	7.0	0.0	0.0	(direct) / (none)	1
BTS 광화문 컴백 라이브 바로가기 - 더픽	7.0	7.0	0.0	0.0	(direct) / (none)	1
DevInsight | 2026 웹 프론트엔드 & AI 기술 블로그	20.0	17.0	0.0	0.0	(direct) / (none)	4
GamsGo Code | 프론트엔드 실무 코드 자료실	7.0	5.0	0.0	0.0	(direct) / (none)	1
광양매화축제 홈페이지 바로가기 - 더픽	7.0	7.0	0.0	0.0	(direct) / (none)	1
네프릭스 추천작품 2026: 50대 이상을 위한 감동의 명작들 - 더픽	7.0	7.0	0.0	0.0	(direct) / (none)	1
바나듐쌀 TOP 5 추천 - 지금 꼭 봐야 할 베스트 5가지 이유! - 더픽	7.0	7.0	0.0	0.0	(direct) / (none)	1
신인감독 김연경 시즌2 | 원더독스 창단 | 신인감독 김연경 시즌1 다시보기 - 더픽	7.0	6.0	0.0	0.0	(direct) / (none)	1
웨이브 가격 할인 인하 무료 요금제 할인 받는 방법 - 더픽	8.0	8.0	0.0	0.0	(direct) / (none)	2
카카오페이 앱 다운로드 - 더픽	7.0	7.0	0.0	0.0	(direct) / (none)	1
한컴독스 오피스 한글2024 한글 2020 가격 할인 인하 무료 요금제 할인 받는 방법 - 더픽	8.0	8.0	0.0	0.0	(direct) / (none)	2
2025년 제21대 대통령선거: 대통령선거 후보 현황, TV토론회 일정 총정리	6.0	6.0	0.0	0.0	(direct) / (none)	1
경기도 청년기본소득 (연 100만 원) 신청 - 더픽	6.0	6.0	0.0	0.0	(direct) / (none)	1
미래에셋증권 계좌개설 방법 총정리 — 이벤트·서류·미성년자·해외주식 (2026년) | 생활정보 나침반	8.0	2.0	0.0	0.0	shield-ui.nsa-front-end.svc.pr1.io.navercorp.com / referral	2
바나듐쌀 솔직 후기 – 건강을 바꾼 놀라운 변화와 구매 가이드 - 더픽	6.0	6.0	0.0	0.0	(direct) / (none)	1
석촌호수 벚꽃축제 일정 총정리 - 더픽	6.0	6.0	0.0	0.0	(direct) / (none)	1
신아랑 법률사무소 기본정보 나무위키 개업식 바로가기 - 더픽	7.0	7.0	0.0	0.0	(direct) / (none)	2
애플TV 애플티비 가격 할인 인하 무료 요금제 할인 받는 방법 - 더픽	7.0	7.0	0.0	0.0	(direct) / (none)	2
염색약 지우는 법 | 머리색을 쉽게 되돌리는 방법 |실패한 염색, 되돌릴 수 있을까? - 더픽	6.0	6.0	0.0	0.0	(direct) / (none)	1
엽기떡볶이 할인 어플 다운로드 - 더픽	7.0	7.0	0.0	0.0	(direct) / (none)	2
엽떡 9900원 할인 쿠폰! 전국민 엽떡데이 놓치지 마세요 - 더픽	6.0	6.0	0.0	0.0	(direct) / (none)	1
이재명 정책 대장주 한눈에 알아보기 - 더픽	6.0	6.0	0.0	0.0	(direct) / (none)	1
카카오뱅크 오류 해결 - 더픽	6.0	6.0	0.0	0.0	(direct) / (none)	1
케이뱅크 앱 설치 및 다운로드 방법 안내 | 주카 비즈	11.0	4.0	0.0	0.0	(not set) / cpc	3
통신사 미환급금 조회 | 통신사 미환급액 조회방법 - 스마트초이스 다운로드 - 더픽	6.0	6.0	0.0	0.0	(direct) / (none)	1
2026 덕수궁 밤의 석조전 관람 예약하기 - 더픽	5.0	5.0	0.0	0.0	(direct) / (none)	1
2026 청년월세 지원신청 바로가기 - 더픽	5.0	5.0	0.0	0.0	(direct) / (none)	1
2026년 청년 지원 정책 총정리 가이드: 자산 형성부터 취업 지원금까지 한눈에 보기 - 더픽	5.0	5.0	0.0	0.0	(direct) / (none)	1
KT인터넷 고객센터 시간 전화번호 - 더픽	5.0	5.0	0.0	0.0	(direct) / (none)	1
광화문 BTS 공연 교통통제 주차 지하철 네이버지도 활용하기 - 더픽	6.0	6.0	0.0	0.0	(direct) / (none)	2
국세환급금 조회 | 국세환급금 찾기 - 숨어있는 내 돈 찾아가세요 - 더픽	5.0	5.0	0.0	0.0	(direct) / (none)	1
도시가스 캐시백 | 기계치인 엄마 대신 신청해드린 방법 - 더픽	5.0	5.0	0.0	0.0	(direct) / (none)	1
색상코드표 - 더픽	5.0	5.0	0.0	0.0	(direct) / (none)	1
서울 실시간 달 관측 바로가기 - 더픽	5.0	5.0	0.0	0.0	(direct) / (none)	1
실제 사용자가 뽑은 스마트폰 케이스 추천 5선 | 장점·단점·후기 총정리 - 더픽	5.0	5.0	0.0	0.0	(direct) / (none)	1
양배추비타민 TOP 5 추천 - 지금 꼭 봐야 할 베스트 5가지 이유! - 더픽	5.0	5.0	0.0	0.0	(direct) / (none)	1
어르신 노인 고령자 65세 이상 이동통신요금감면 휴대전화요금감면 - 더픽	6.0	6.0	0.0	0.0	(direct) / (none)	2
어린이날 선물 추천 초등학생 중학생 고등학생 리스트 5월 5일 - 더픽	6.0	5.0	0.0	0.0	(direct) / (none)	2
온라인 조상땅찾기 조회 방법 및 신청 자격 총정리 (방문 없이 3일 만에 확인) - 더픽	5.0	5.0	0.0	0.0	(direct) / (none)	1
제미나이 gemini pro 프로 가격 할인 인하 무료 요금제 할인 받는 방법 - 더픽	6.0	6.0	0.0	0.0	(direct) / (none)	2
주휴수당·육아휴직급여·행복주택·자녀장려금·노령연금 신청 총정리 (2026) | 주카 비즈	5.0	1.0	0.0	0.0	(not set) / cpc	1
키움증권 계좌개설 방법 총정리 — 이벤트·서류·미성년자·해외주식 (2026년) | 생활정보 나침반	8.0	4.0	0.0	0.0	(not set) / cpc	3
테무 앱 다운로드 설치방법 - 더픽	6.0	6.0	0.0	0.0	(direct) / (none)	2
혈액순환 개선으로 건강한 몸 만들기 - 더픽	5.0	5.0	0.0	0.0	(direct) / (none)	1
희망두배청년통장 신청 조건 서류 후기 - 더픽	5.0	5.0	0.0	0.0	(direct) / (none)	1
"아버지가 매일 아침 면도하다 베이셨대요" 효도 선물 1순위, 필립스 S3243/12 실사용 후기 - 더픽	4.0	4.0	0.0	0.0	(direct) / (none)	1
#냉압착오일 보관 - 더픽	4.0	4.0	0.0	0.0	(direct) / (none)	1
2025 한국 블랙프라이데이 완벽 가이드 | 쇼핑몰별 할인 일정·쿠폰 총정리 - 더픽	4.0	4.0	0.0	0.0	(direct) / (none)	1
2025년 내 집 마련 실전 가이드 주택가격별 월 상환액과 총 지출 완전정리 (4억·5억·6억·7억) - 더픽	4.0	4.0	0.0	0.0	(direct) / (none)	1
2026 화담숲 온라인 모노레일 예약하기 - 더픽	4.0	4.0	0.0	0.0	(direct) / (none)	1
2026년 부모급여 총정리: 월 100만 원 지원부터 어린이집 차액 계산까지 - 더픽	4.0	4.0	0.0	0.0	(direct) / (none)	1
2026년 상반기 공모주 일정 | 케이뱅크 놓쳤다면 3월 상장 기업을 노려라! - 더픽	4.0	4.0	0.0	0.0	(direct) / (none)	1
2026년 순천사랑상품권 구매 방법과 12% 할인 혜택, 가맹점 조회 총정리 - 더픽	4.0	4.0	0.0	0.0	(direct) / (none)	1
DevInsight - IT & 프론트엔드 기술 블로그	12.0	8.0	0.0	0.0	(direct) / (none)	4
[2026] 올림픽 금메달 연금 월 100만 원? 포상금 및 군 면제 등 혜택 완벽 정리 - 더픽	4.0	4.0	0.0	0.0	(direct) / (none)	1
[연말정산] 한부모공제와 부녀자공제 비교 - 더픽	4.0	4.0	0.0	0.0	(direct) / (none)	1
건강한 노후를 위한 치매 예방 필수 가이드 - 더픽	4.0	4.0	0.0	0.0	(direct) / (none)	1
건설근로자 퇴직공제금 신청 정보 총정리 (자격·서류·조회·2026년 인상) | 생활정보 나침반	4.0	1.0	0.0	0.0	shield-ui.nsa-front-end.svc.pr1.io.navercorp.com / referral	1
경상북도청 홈페이지 바로가기 - 더픽	4.0	4.0	0.0	0.0	(direct) / (none)	1
과천경마공원 나들이·앱 정보 총정리 (벚꽃·주차·더비온·한국마사회) | 생활정보 나침반	4.0	1.0	0.0	0.0	shield-ui.nsa-front-end.svc.pr1.io.navercorp.com / referral	1
국민연금공단 고객센터 바로가기 - 더픽	4.0	4.0	0.0	0.0	(direct) / (none)	1
국세청 홈택스 고객센터 바로가기 - 더픽	4.0	4.0	0.0	0.0	(direct) / (none)	1
기초생활수급자 조건·자격요건 및 혜택·신청방법 총정리 (2026년) | 생활정보 나침반	4.0	2.0	0.0	0.0	shield-ui.nsa-front-end.svc.pr1.io.navercorp.com / referral	1
김선태 유튜브 바로가기 - 더픽	4.0	4.0	0.0	0.0	(direct) / (none)	1
김희은 셰프 식당 예약하기 - 더픽	4.0	4.0	0.0	0.0	(direct) / (none)	1
꽃이름 식물이름 찾는 어플 다운로드 총정리 (모야모·픽처디스·스마트렌즈 비교) | 생활정보 나침반	4.0	2.0	0.0	0.0	shield-ui.nsa-front-end.svc.pr1.io.navercorp.com / referral	1
네이버 밴드 앱 정보 총정리 — 사용법·밴드 만들기·PC 이용법 | 주카 비즈	6.0	3.0	0.0	0.0	shield-ui.nsa-front-end.svc.pr1.io.navercorp.com / referral	2
농업e지 신청 방법·원패스 통합 관리 총정리 (회원가입·로그인·농업직불금) | 생활정보 나침반	10.0	3.0	0.0	0.0	(direct) / (none)	3
단백질 많은 음식 완벽 가이드: 건강한 식단을 위한 최고의 선택 - 더픽	4.0	4.0	0.0	0.0	(direct) / (none)	1
듀플렉스 제습기 TOP 5 추천 - 실사용 후기와 추천 포인트 총정리 - 더픽	4.0	4.0	0.0	0.0	(direct) / (none)	1
라프텔 가격 할인 인하 무료 피클플러스 - 더픽	5.0	5.0	0.0	0.0	(direct) / (none)	2
레버리지ETF 교육·금융투자교육원·삼전닉스 신청 정보 총정리 | 생활정보 나침반	4.0	1.0	0.0	0.0	(not set) / cpc	1
레인부츠 솔직후기 – Modern Fashion 여성 발편한 레인부츠, 직접 신어본 놀라운 장단점과 구매 가이드 - 더픽	4.0	4.0	0.0	0.0	(direct) / (none)	1
르무통 메이트 발 편한 메리노울 운동화 블랙 솔직 후기 - 더픽	4.0	4.0	0.0	0.0	(direct) / (none)	1
민생회복 소비쿠폰 수령방법 | 토스뱅크|네이버페이|카카오페이 - 더픽	4.0	5.0	0.0	0.0	(direct) / (none)	2
베니토 여성용 에브리데이 라운드넥 티 솔직 후기 - 더픽	4.0	4.0	0.0	0.0	(direct) / (none)	1
베베드피노 TOP 5 추천 - 지금 꼭 봐야 할 베스트 5가지 이유! - 더픽	4.0	4.0	0.0	0.0	(direct) / (none)	1
사이드카란? 5분이면 이해되는 시장안정화 장치 완벽 정리 - 더픽	4.0	4.0	0.0	0.0	(direct) / (none)	1
상생페이백 사용처 완벽 정리! 어디서 쓸 수 있고 어디선 안 될까? - 더픽	4.0	4.0	0.0	0.0	(direct) / (none)	1
세타필 모이스춰라이징 대용량 로션 솔직 후기 - 더픽	4.0	4.0	0.0	0.0	(direct) / (none)	1
소개 | Frontend Note	5.0	5.0	0.0	0.0	(direct) / (none)	2
스타벅스 선불카드 환불 방법 회원탈퇴 바로가기 - 더픽	4.0	4.0	0.0	0.0	(direct) / (none)	1
엠세이퍼(MSAFER) 명의도용·보이스피싱 대처 정보 총정리 (가입제한·해지·신고) | 생활정보 나침반	4.0	1.0	0.0	0.0	shield-ui.nsa-front-end.svc.pr1.io.navercorp.com / referral	1
여름철 보양식으로 건강하게 더위 이겨내기 - 더픽	4.0	4.0	0.0	0.0	(direct) / (none)	1
연속혈당측정기 추천 실비 보험 가격 비교 - 더픽	4.0	4.0	0.0	0.0	(direct) / (none)	1
오버워치2 다운로드 설치 바로가기 - 더픽	4.0	3.0	0.0	0.0	external / 	1
온누리상품권 충전 - 더픽	4.0	4.0	0.0	0.0	(direct) / (none)	1
올리브영 11월 블프 VS 12월 세일 완벽 비교 - 언제 사야 더 이득일까? - 더픽	4.0	4.0	0.0	0.0	(direct) / (none)	1
이걸 안 보면 손해! 벽걸이에어컨 인기상품 5종 솔직 리뷰 - 더픽	4.0	4.0	0.0	0.0	(direct) / (none)	1
이마트 휴무일 3월 전국 총정리 대구 천안 울산 제주 대전 - 더픽	4.0	4.0	0.0	0.0	(direct) / (none)	1
이준석 전한길 부정선거 토론 실시간 라이브 - 더픽	4.0	4.0	0.0	0.0	(direct) / (none)	1
자영업자 지원금, 신청 안 하면 0원? 2026년 필수 3가지 총정리 - 더픽	4.0	4.0	0.0	0.0	(direct) / (none)	1
장기요양등급 장기요양보험 신청 기준 혜택 - 더픽	4.0	4.0	0.0	0.0	(direct) / (none)	1
주민등록등본인터넷발급 방법 총정리 (무료·PDF 저장) | 생활정보 나침반	5.0	2.0	0.0	0.0	shield-ui.nsa-front-end.svc.pr1.io.navercorp.com / referral	2
증여세면제한도 비과세 정리 - 더픽	4.0	4.0	0.0	0.0	(direct) / (none)	1
지뢰찾기 무료 다운로드 방법 총정리 — PC 클래식부터 웹·모바일 버전까지 | 생활정보 나침반	4.0	2.0	0.0	0.0	shield-ui.nsa-front-end.svc.pr1.io.navercorp.com / referral	1
진해군항제 벚꽃 명소 바로가기 - 더픽	4.0	4.0	0.0	0.0	(direct) / (none)	1
챗GPT 유료 가격 할인, 월 6,700원에 플러스 쓰는 후기 - 더픽	4.0	4.0	0.0	0.0	(direct) / (none)	1
청년도약계좌 가입 자격 및 신청방법 총정리 | 2025년 최대 혜택 받는 법 - 더픽	4.0	4.0	0.0	0.0	(direct) / (none)	1
티머니GO 마일리지·적립·할인·이벤트 총정리 — 초대코드·친구초대까지 | 생활정보 나침반	6.0	2.0	0.0	0.0	shield-ui.nsa-front-end.svc.pr1.io.navercorp.com / referral	2
폐가전 무료수거 무상수거 신청하기 - 더픽	4.0	4.0	0.0	0.0	(direct) / (none)	1
한국산업안전보건공단 교육센터 알아보기 - 더픽	4.0	4.0	0.0	0.0	(direct) / (none)	1
함양 대봉산 모노레일 요금·시간표 총정리 — 가격·할인·소요시간·휴무일 | 주카 비즈	4.0	3.0	0.0	0.0	m.search.naver.com / referral	1
현금영수증 발급용 번호 등록하는 방법 - 더픽	4.0	4.0	0.0	0.0	(direct) / (none)	1
화물 유가보조금 신청하기 - 더픽	4.0	4.0	0.0	0.0	(direct) / (none)	1
후회 없는 선택! 베베드피노 베스트 5 완벽 비교 & 리얼 후기 - 더픽	4.0	4.0	0.0	0.0	(direct) / (none)	1
후회 없는 선택! 애플워치 베스트 5 완벽 비교 & 리얼 후기 - 더픽	4.0	4.0	0.0	0.0	(direct) / (none)	1
"버리지 말고 돈 받으세요" 탄소중립포인트 가입하고 현금 환급받기 - 더픽	3.0	3.0	0.0	0.0	(direct) / (none)	1
"우리 집도 위험?" 가열식 가습기 폭발·리콜 브랜드 총정리 - 더픽	3.0	3.0	0.0	0.0	(direct) / (none)	1
"지자체 50% 지원" 음식물 처리기 보조금 신청 자격과 인기 브랜드 - 더픽	3.0	3.0	0.0	0.0	(direct) / (none)	1
"최대 30만원 환급" 고효율 가전 구매 비용 돌려받는 법 (2026 최신) - 더픽	3.0	3.0	0.0	0.0	(direct) / (none)	1
10만원 즉시 지급! 새출발기금 성실상환자라면 '노란우산 도약지원금' 챙기세요 - 더픽	3.0	3.0	0.0	0.0	(direct) / (none)	1
1:2 매칭 지원금 받는 디딤씨앗통장 조건 및 신청 방법 (2026 최신) - 더픽	3.0	3.0	0.0	0.0	(direct) / (none)	1
2025 사랑온 난방비 지원금 50만원 신청 - 여기서 바로 난방비 50만원 지원받으세요 - 더픽	3.0	3.0	0.0	0.0	(direct) / (none)	1
2025 연말 KTX 예약 방법 총정리 | 경부선 경전선 동해선 중앙선 예매 꿀팁 - 더픽	3.0	3.0	0.0	0.0	(direct) / (none)	1
2025 탑텐 겨울 행복제, 최대 3만원 할인받는 법 - 더픽	3.0	3.0	0.0	0.0	(direct) / (none)	1
2025년 10월 10일 임시공휴일 지정 가능성과 최대 10일 황금연휴 완벽 가이드 - 더픽	3.0	3.0	0.0	0.0	(direct) / (none)	1
2025년 권고사직 시 실업급여 신청 방법: 단계별 완벽 가이드 - 더픽	3.0	3.0	0.0	0.0	(direct) / (none)	1
2025년 귀속 연말정산 기간, 1월 15일 시작? 필수 일정 및 5단계 총정리 - 더픽	3.0	3.0	0.0	0.0	(direct) / (none)	1
2025년 복날 날짜 총정리｜초복, 중복, 말복은 언제? 삼복 더위 대비 가이드 - 더픽	3.0	3.0	0.0	0.0	(direct) / (none)	1
2026 문화누리카드 사용처 총정리: 15만 원 알차게 쓰는 비결 - 더픽	3.0	3.0	0.0	0.0	(direct) / (none)	1
2026 문화누리카드 충전일 완벽 가이드 (1인당 최대 16만원) - 더픽	3.0	3.0	0.0	0.0	(direct) / (none)	1
2026 새해인사말 모음: 복붙 가능한 센스있는 문구 (부모님, 상사, 친구) - 더픽	3.0	3.0	0.0	0.0	(direct) / (none)	1
2026 설 연휴, 아이가 아플 때? 달빛어린이병원 찾기 & 명절 응급진료 완벽 가이드 - 더픽	3.0	3.0	0.0	0.0	(direct) / (none)	1
2026 설날 선물 10% 아끼는 법, 서울사랑상품권 발행 일정 및 가맹점 찾기 총정리 - 더픽	3.0	3.0	0.0	0.0	(direct) / (none)	1
2026 정부 지원금 활용 복리 계산기 - 더픽	3.0	3.0	0.0	0.0	(direct) / (none)	1
2026 청년문화예술패스 신청 방법 및 공식 사용처 총정리 (최대 20만 원 지원) - 더픽	3.0	3.0	0.0	0.0	(direct) / (none)	1
2026년 새해 인사말 모음 - 따뜻한 마음을 전하는 문구 - 더픽	3.0	3.0	0.0	0.0	(direct) / (none)	1
2026년 청년월세지원 신청 방법: 복지로 vs 서울주거포털 자격 조건 및 필수 서류 완벽 정리 - 더픽	3.0	3.0	0.0	0.0	(direct) / (none)	1
404: This page could not be found.	7.0	3.0	0.0	0.0	(direct) / (none)	3
40평대 거실 공기청정기, 쿠쿠 인스퓨어를 선택해야 하는 기술적 근거 3가지 - 더픽	3.0	3.0	0.0	0.0	(direct) / (none)	1
5월 종합소득세 신고 방법 기간 비용 금액 환급 안하면? - 더픽	3.0	3.0	0.0	0.0	(direct) / (none)	1
BMI계산기 - 더픽	3.0	3.0	0.0	0.0	(direct) / (none)	1
GamsGo Code - 프론트엔드 실무 코드 자료실	3.0	3.0	0.0	0.0	(direct) / (none)	1
MRI 보험적용, 건강보험과 실손보험 완벽 가이드 - 더픽	3.0	3.0	0.0	0.0	(direct) / (none)	1
[2026 설날] 서울 전통시장 역대급 30% 할인 & 주차 무료! 온누리상품권 환급 리스트 총정리 (파일첨부) - 더픽	3.0	3.0	0.0	0.0	(direct) / (none)	1
[2026] 경기컬처패스 6만원 상향! 신청 방법부터 교보문고 사용법까지 - 더픽	3.0	3.0	0.0	0.0	(direct) / (none)	1
[휴면예금 찾아줌] 잠자는 내 돈 찾기: 조회부터 환급 신청 방법 총정리 - 더픽	3.0	3.0	0.0	0.0	(direct) / (none)	1
갱년기 증상, 제대로 알고 현명하게 대처하는 방법 - 더픽	3.0	3.0	0.0	0.0	(direct) / (none)	1
검증 자료 | Frontend Note	3.0	1.0	0.0	0.0	vercel.com / referral	1
고관절 통증이 찾아왔을 때, 무시하면 안 되는 이유 - 더픽	3.0	3.0	0.0	0.0	(direct) / (none)	1
고용노동부 하드넷 홈페이지 바로가기 https://www.work24.go.kr/ - 더픽	3.0	3.0	0.0	0.0	(direct) / (none)	1
공모주 수익 계산기 - 더픽	3.0	3.0	0.0	0.0	(direct) / (none)	1
교차로 구인구직 일자리 정보 및 신문보기 - 더픽	3.0	3.0	0.0	0.0	(direct) / (none)	1
군 적금 월 60만 원? 2026 장병 내일 준비 적금 확대, 초급 간부도 '이것' 모르면 손해 봅니다! - 더픽	3.0	3.0	0.0	0.0	(direct) / (none)	1
기초생활수급자 지원금 조건 혜택 신청방법 - 더픽	3.0	3.0	0.0	0.0	(direct) / (none)	1
나이가 들수록 조심해야 할 백내장, 미리 알고 대비하세요 - 더픽	3.0	3.0	0.0	0.0	(direct) / (none)	1
내 집 마련 완벽 가이드: 아파트 가격대별 대출금액과 월 상환액 총정리 - 더픽	3.0	3.0	0.0	0.0	(direct) / (none)	1
네이버 플러스 멤버십 넷플릭스 변경 방법, 요금제 싸게 보는 법 - 더픽	3.0	3.0	0.0	0.0	(direct) / (none)	1
넷플릭스 결제오류? 080 고객센터 전화상담으로 신속하게 해결하는 방법 가이드 - 더픽	3.0	3.0	0.0	0.0	(direct) / (none)	1
놓치기 쉬운 폐암초기증상, 미리 알고 건강을 지키세요 - 더픽	3.0	3.0	0.0	0.0	(direct) / (none)	1
뇌영양제, 정말 우리 뇌에 도움이 될까요? - 더픽	3.0	3.0	0.0	0.0	(direct) / (none)	1
당뇨병, 제대로 알고 관리하자 - 종류부터 예방까지 완벽 가이드 - 더픽	3.0	3.0	0.0	0.0	(direct) / (none)	1
당신의 머리카락을 더 굵고 건강하게 만드는 놀라운 비법 - 더픽	3.0	3.0	0.0	0.0	(direct) / (none)	1
대통령연임제와 한국 정치 시스템의 변화 가능성 - 더픽	3.0	3.0	0.0	0.0	(direct) / (none)	1
듀플렉스 스탠드형 서큘레이터 DPK-55CF 솔직 후기 - 더픽	3.0	3.0	0.0	0.0	(direct) / (none)	1
드러그인포 약 모양 검색 방법 - 더픽	3.0	3.0	0.0	0.0	(direct) / (none)	1
무더운 여름, 똑똑하게 준비하는 여름가전 완전 정복 가이드 - 더픽	3.0	3.0	0.0	0.0	(direct) / (none)	1
무릎관절에 좋은 음식과 무릎통증 원인 총정리 - 더픽	3.0	3.0	0.0	0.0	(direct) / (none)	1
무선이어폰 TOP 5! 실제 구매자들이 극찬한 이유는? - 더픽	3.0	3.0	0.0	0.0	(direct) / (none)	1
미국주식 세금신고 배당소득 양도소득 정리 - 더픽	3.0	3.0	0.0	0.0	(direct) / (none)	1
미중 무역 전쟁과 상호관세의 영향: 글로벌 경제의 새로운 국면 - 더픽	3.0	3.0	0.0	0.0	(direct) / (none)	1
배당소득 분리과세 | 투자자가 꼭 알아야 할 5가지 - 더픽	3.0	3.0	0.0	0.0	(direct) / (none)	1
변비에 좋은 음식으로 건강한 장 관리하기 - 더픽	3.0	3.0	0.0	0.0	(direct) / (none)	1
변비에 좋은 음식으로 장 건강 개선하기: 효과적인 음식과 섭취법 - 더픽	3.0	3.0	0.0	0.0	(direct) / (none)	1
브라우저 이미지 압축 구현 전체 가이드: 리사이즈, WebP, 품질 값, 예외 처리 | Frontend Note	3.0	1.0	0.0	0.0	(direct) / (none)	1
비행기 탑승 전 필수 확인! 기내용 캐리어 사이즈 & 무게 규정 총정리 - 더픽	3.0	3.0	0.0	0.0	(direct) / (none)	1
빗썸 60조 오입금, 출금하면 횡령죄? 삼성증권 유령주식 판결로 본 법적 책임 - 더픽	3.0	3.0	0.0	0.0	(direct) / (none)	1
사무실 전기난로, 냄새 머리아픔이 걱정이라면? 오방난로 상세 분석과 안전 사용법 (feat. 에디르) - 더픽	3.0	3.0	0.0	0.0	(direct) / (none)	1
사회복지사 업무의 다양한 분야와 특징 - 더픽	3.0	3.0	0.0	0.0	(direct) / (none)	1
사회초년생 재테크 루틴 A to Z: 월급 200만원으로 연금저축펀드, ISA 시작하기 - 더픽	3.0	3.0	0.0	0.0	(direct) / (none)	1
상속세 계산, 복잡한 제도를 쉽게 이해하기 - 더픽	3.0	3.0	0.0	0.0	(direct) / (none)	1
설화수 NEW 탄력 3종 세트 솔직한 후기 – 기대 이상의 효과? 장단점 완벽 분석! - 더픽	3.0	3.0	0.0	0.0	(direct) / (none)	1
소상공인 부담경감크레딧 50만원 지원! 지금 바로 신청해보세요 - 더픽	3.0	3.0	0.0	0.0	(direct) / (none)	1
신비복숭아 후기 – 솔직하게 느낀 맛과 신선도, 구매 전 꼭 알아야 할 모든 것 - 더픽	3.0	3.0	0.0	0.0	(direct) / (none)	1
신우신염증상, 이것만 알면 조기 발견 가능합니다 - 더픽	3.0	3.0	0.0	0.0	(direct) / (none)	1
신일전자 AS센터 전화번호 영업시간 상담원연결 바로가기: 효율적인 서비스 이용 가이드 - 더픽	3.0	3.0	0.0	0.0	(direct) / (none)	1
신한생명 무료운세로 2025년 나의 운세 확인하기 - 완벽 가이드 - 더픽	3.0	3.0	0.0	0.0	(direct) / (none)	1
아이폰 실종문자 끄는법 | 시도 때도 없이 울리는 알림, 1분 해결 (부모님 폰 필수) - 더픽	3.0	3.0	0.0	0.0	(direct) / (none)	1
알고 보니 150조 규모? 2026 국민성장펀드 출범, 내 돈이 반도체·AI에 투자되면 생기는 일 - 더픽	3.0	3.0	0.0	0.0	(direct) / (none)	1
암 예방 : 암에 좋은 음식 완벽정리 - 더픽	3.0	3.0	0.0	0.0	(direct) / (none)	1
어깨통증, 이제 제대로 알고 관리해보세요 - 더픽	3.0	3.0	0.0	0.0	(direct) / (none)	1
어르신 65세 에너지바우처 감면 신청하기 - 더픽	3.0	3.0	0.0	0.0	(direct) / (none)	1
에너지바우처 신청 대상 총정리 — 소득기준·세대원 조건·지원금액 | 생활정보 나침반	6.0	3.0	0.0	0.0	google / cpc	3
에너지바우처 환급·환수 총정리 — 잔액 환급이 안 되는 이유 | 주카 비즈	4.0	2.0	0.0	0.0	shield-ui.nsa-front-end.svc.pr1.io.navercorp.com / referral	2
엘지전자 서비스센터 최적 활용 가이드: 전화번호, 영업시간, 고객센터 바로가기 - 더픽	3.0	3.0	0.0	0.0	(direct) / (none)	1
연속혈당측정기 후기 – 연속혈당측정기 추천 | 믿을 수 없는 편리함과 실사용 장단점, 솔직리뷰 - 더픽	3.0	3.0	0.0	0.0	(direct) / (none)	1
온누리상품권 사용방법 판매처 가맹점 알아보기 - 더픽	3.0	3.0	0.0	0.0	(direct) / (none)	1
완벽한 입주청소 체크리스트: 새 집에서 건강하게 시작하는 방법 - 더픽	3.0	3.0	0.0	0.0	(direct) / (none)	1
요기요 사장님사이트 바로가기 - 더픽	3.0	3.0	0.0	0.0	(direct) / (none)	1
운전면허증 분실신고 재발급 신청방법 - 더픽	3.0	3.0	0.0	0.0	(direct) / (none)	1
유심(USIM) 완벽 가이드: 교체부터 보안까지 - 더픽	3.0	3.0	0.0	0.0	(direct) / (none)	1
이명, 귀에서 들리는 불청객을 효과적으로 관리하는 법 - 더픽	3.0	3.0	0.0	0.0	(direct) / (none)	1
이미지 압축·WebP 변환 도구 (무료, 브라우저 실행) | Frontend Note	5.0	3.0	0.0	0.0	vercel.com / referral	2
인구주택총조사 전국민 다 받나요? 대상자 확인 방법과 참여 가이드 - 더픽	3.0	3.0	0.0	0.0	(direct) / (none)	1
일드맥스 ETF 정리 - TSLY, NVDY, CONY 배당금, 성과, 투자전략 - 더픽	3.0	3.0	0.0	0.0	(direct) / (none)	1
자기소개서 금지어 대체 표현 총정리 | 합격률 높이는 문장 업그레이드 TIP - 더픽	3.0	3.0	0.0	0.0	(direct) / (none)	1
자동차 환급금 신청방법 - 자동차 환급금 조회 | 의무매출채권 조회하는 법 - 더픽	3.0	3.0	0.0	0.0	(direct) / (none)	1
자영업자 고용보험 신청방법, 보험료 80% 지원받고 실업급여 챙기는 법 - 더픽	3.0	3.0	0.0	0.0	(direct) / (none)	1
전립선암, 알고 대비하는 것이 최선의 선택입니다 - 더픽	3.0	3.0	0.0	0.0	(direct) / (none)	1
제주도 렌트카 예약 사이트 추천 렌트카 예약하기 - 더픽	3.0	3.0	0.0	0.0	(direct) / (none)	1
주택용 에너지 캐시백: 전기 아끼면 돈이 돌아온다고?! 완전 꿀팁! - 더픽	3.0	3.0	0.0	0.0	(direct) / (none)	1
중년 남성이 꼭 알아야 할 전립선비대증, 원인부터 관리법까지 - 더픽	3.0	3.0	0.0	0.0	(direct) / (none)	1
증권계좌개설 방법 총정리 — 필요서류·절차·증권사 비교 (2026년) | 생활정보 나침반	6.0	4.0	0.0	0.0	(not set) / cpc	3
증여세 총정리: 개정 세율과 공제한도 이해하기 - 더픽	3.0	3.0	0.0	0.0	(direct) / (none)	1
지브리 스타일 사진 변환 가이드 - 지브리 스타일 AI 사이트 - 더픽	3.0	3.0	0.0	0.0	(direct) / (none)	1
차량용 선풍기 솔직 후기 – 여름 차량 필수템의 놀라운 장단점과 구매 체크포인트 - 더픽	3.0	3.0	0.0	0.0	(direct) / (none)	1
치매 초기증상, 놓치기 쉬운 신호들을 알아보세요 - 더픽	3.0	3.0	0.0	0.0	(direct) / (none)	1
카카오톡 댓글 알림 없애는 방법, 5초면 끝나는 설정법 - 더픽	3.0	3.0	0.0	0.0	(direct) / (none)	1
케이뱅크 앱 설치 및 고객센터 바로가기 (K Bank)	4.0	3.0	0.0	0.0	(direct) / (none)	2
코멧 아웃도어 브로몰딩 접이식 테이블 1800 솔직 후기 - 더픽	3.0	3.0	0.0	0.0	(direct) / (none)	1
코멧 프리미엄 대나무 젓가락 솔직 후기 - 더픽	3.0	3.0	0.0	0.0	(direct) / (none)	1
콜레스테롤 수치, 제대로 알고 관리하자 - 더픽	3.0	3.0	0.0	0.0	(direct) / (none)	1
쿠쿠 서비스센터 전화번호 및 영업시간: 효율적인 고객 지원 활용 전략 - 더픽	3.0	3.0	0.0	0.0	(direct) / (none)	1
쿠팡 개인정보 유출 집단소송 | 집단소송 참여 바로가기 - 더픽	3.0	3.0	0.0	0.0	(direct) / (none)	1
크리스탈라이트 온더고 아이스티 5가지맛0P 세트 솔직 후기 - 더픽	3.0	3.0	0.0	0.0	(direct) / (none)	1
토지거래허가구역이란? 2025년 최신 정보와 투자자가 꼭 알아야 할 모든 것 - 더픽	4.0	4.0	0.0	0.0	(direct) / (none)	2
티빙X웨이브X디즈니+ 통합이용권 | 최대 37% 할인받으세요 - 더픽	4.0	4.0	0.0	0.0	(direct) / (none)	2
파비플로라란 무엇인가? 태국의 신비로운 흑생강 완전 가이드 - 더픽	3.0	3.0	0.0	0.0	(direct) / (none)	1
포토샵 1년 무료 사용방법, 설치방법 알아보기 - 더픽	3.0	3.0	0.0	0.0	(direct) / (none)	1
푸드마일리지의 뜻과 우리 식탁의 탄소 발자국 줄이는 법 - 더픽	3.0	3.0	0.0	0.0	(direct) / (none)	1
프론트엔드 API 에러 처리 설계: 로딩, 재시도, 빈 상태를 나누는 기준 | Frontend Note	3.0	1.0	0.0	0.0	(direct) / (none)	1
필립스 서비스센터: 전화번호, 영업시간, 고객센터 정보 완벽 가이드 - 더픽	3.0	3.0	0.0	0.0	(direct) / (none)	1
하나저축은행 고객센터 전화번호 상담원연결 바로가기 - 더픽	3.0	3.0	0.0	0.0	(direct) / (none)	1
하지정맥류 이해하기: 증상과 치료법 - 더픽	3.0	3.0	0.0	0.0	(direct) / (none)	1
하지정맥류, 건강한 다리를 위한 완벽 가이드 - 더픽	3.0	3.0	0.0	0.0	(direct) / (none)	1
한국 핵추진 잠수함 건조 승인 - 트럼프 대통령 결정의 의미와 전망 - 더픽	3.0	3.0	0.0	0.0	(direct) / (none)	1
한진택배 해외 배송조회방법 - 더픽	3.0	3.0	0.0	0.0	(direct) / (none)	1
할로글로리 좋은 수면을 위하여 부드러운 여름 냉감 쿨링 차렵이불 솔직 후기 - 더픽	3.0	3.0	0.0	0.0	(direct) / (none)	1
햇살론 서민대출 바로가기 - 더픽	3.0	3.0	0.0	0.0	(direct) / (none)	1
혈당측정의 중요성과 올바른 방법 - 더픽	3.0	3.0	0.0	0.0	(direct) / (none)	1
홈플러스 6월 휴무일 정리 - 2025년 최신 정보 🏪 - 더픽	3.0	3.0	0.0	0.0	(direct) / (none)	1
환경보건이용권 신청하기 - 더픽	3.0	3.0	0.0	0.0	(direct) / (none)	1
희망두배청년통장, 서울 청년들의 꿈을 두 배로 키워주는 특별한 기회 - 더픽	3.0	3.0	0.0	0.0	(direct) / (none)	1
희망리턴패키지 신청하기 - 더픽	3.0	3.0	0.0	0.0	(direct) / (none)	1
#감마리놀렌산효능 보관 - 더픽	2.0	2.0	0.0	0.0	(direct) / (none)	1
#건강기능식품추천 보관 - 더픽	2.0	2.0	0.0	0.0	(direct) / (none)	1
#닥터린대마종자유 보관 - 더픽	2.0	2.0	0.0	0.0	(direct) / (none)	1
#대마종자유소프트겔 보관 - 더픽	2.0	2.0	0.0	0.0	(direct) / (none)	1
#대마종자유추천 보관 - 더픽	2.0	2.0	0.0	0.0	(direct) / (none)	1
#대마종자유캡슐 보관 - 더픽	2.0	2.0	0.0	0.0	(direct) / (none)	1
#대마종자유효능 보관 - 더픽	2.0	2.0	0.0	0.0	(direct) / (none)	1
#대마종자유후기 보관 - 더픽	2.0	2.0	0.0	0.0	(direct) / (none)	1
#면역력강화방법 보관 - 더픽	2.0	2.0	0.0	0.0	(direct) / (none)	1
#수면질개선 보관 - 더픽	2.0	2.0	0.0	0.0	(direct) / (none)	1
#슈퍼푸드추천 보관 - 더픽	2.0	2.0	0.0	0.0	(direct) / (none)	1
#오메가3오메가6 보관 - 더픽	2.0	2.0	0.0	0.0	(direct) / (none)	1
#유기농건강식품 보관 - 더픽	2.0	2.0	0.0	0.0	(direct) / (none)	1
#중성지방낮추는방법 보관 - 더픽	2.0	2.0	0.0	0.0	(direct) / (none)	1
#콜레스테롤개선 보관 - 더픽	2.0	2.0	0.0	0.0	(direct) / (none)	1
#피부보습식품 보관 - 더픽	2.0	2.0	0.0	0.0	(direct) / (none)	1
#하이퍼셀대마종자유 보관 - 더픽	2.0	2.0	0.0	0.0	(direct) / (none)	1
#혈관건강식품 보관 - 더픽	2.0	2.0	0.0	0.0	(direct) / (none)	1
2025 공익 사회복무요원 신청 기간: 단계별 완벽 가이드 - 더픽	2.0	2.0	0.0	0.0	(direct) / (none)	1
2025 여자 동아시안컵 완벽 가이드 - 일정, 참가팀, 경기장 총정리 - 더픽	2.0	2.0	0.0	0.0	(direct) / (none)	1
2025년 6월 3일 제21대 대통령선거 | 내 투표소 찾기 완벽 가이드 🗳️ - 더픽	2.0	2.0	0.0	0.0	(direct) / (none)	1
2025년 7월 박람회 완전 가이드: 놓치면 안 되는 전시와 축제 - 더픽	2.0	2.0	0.0	0.0	(direct) / (none)	1
2025년 7월 스트레스 DSR 3단계 시행! 신혼부부와 내집마련을 위한 완벽 대출 전략 - 더픽	2.0	2.0	0.0	0.0	(direct) / (none)	1
2025년 디딤돌 대출 조건, 신청법 총정리 - 더픽	2.0	2.0	0.0	0.0	(direct) / (none)	1
2025년 에너지바우처 신청방법 최신 정보 - 지금 바로 신청하세요! 🔥 - 더픽	2.0	2.0	0.0	0.0	(direct) / (none)	1
2025년 정부지원금 7가지 총정리 | 모르면 손해보는 최대 40만원 혜택 완전정복 - 더픽	2.0	2.0	0.0	0.0	(direct) / (none)	1
2025년 차상위계층 조건 완벽 가이드 - 자격 기준부터 지원 혜택까지 - 더픽	2.0	2.0	0.0	0.0	(direct) / (none)	1
2026 월드컵 16강 결과·8강 대진·준결승 일정 총정리 (한국시간)	2.0	1.0	0.0	0.0	(direct) / (none)	1
2026공시지가 조회 - 공동주택 가격열람 - 더픽	2.0	2.0	0.0	0.0	(direct) / (none)	1
2026년 근로장려금 & 자녀장려금 신청 완벽 가이드 | 최대 330만원 지급	2.0	1.0	0.0	0.0	(direct) / (none)	1
2026년 최저임금 | 알바 월급 계산끝! 주휴수당 포함 계산법 - 더픽	2.0	2.0	0.0	0.0	(direct) / (none)	1
50-60대가 꼭 알아야 할 무릎관절영양제 선택법과 효과적인 관리 방법 - 더픽	2.0	2.0	0.0	0.0	(direct) / (none)	1
6000원 할인받고 영화관 가기, 그런데 문화가 있는 날이면 1000원? - 더픽	2.0	2.0	0.0	0.0	(direct) / (none)	1
65세 이상이라면 놓치지 마세요: 놓치면 손해인 12가지 정부지원 제도 - 더픽	2.0	2.0	0.0	0.0	(direct) / (none)	1
Best Free Image Compression Tools in 2025: Complete Guide - 더픽	2.0	2.0	0.0	0.0	(direct) / (none)	1
CSS Flexbox와 Grid 선택 기준: 카드 목록, 툴바, 대시보드 레이아웃 | Frontend Note	2.0	2.0	0.0	0.0	(direct) / (none)	1
Canvas로 WebP 파일을 만들 때 리사이즈를 먼저 하는 이유 | Frontend Note	2.0	1.0	0.0	0.0	(direct) / (none)	1
Chrome DevTools 성능 분석 실습: 느린 화면을 기록하고 고치는 순서 | Frontend Note	2.0	2.0	0.0	0.0	(direct) / (none)	1
GPT-5.3 vs Claude Opus 4.6 성능 분석 및 구독료 70% 할인 비결	5.0	4.0	0.0	0.0	naver / organic	3
Git 브랜치 전략 실무 비교: 작은 팀은 GitHub Flow부터 시작하자 | Frontend Note	2.0	2.0	0.0	0.0	(direct) / (none)	1
Git 브랜치 전략 실무 비교: 작은 팀은 GitHub Flow부터 시작하자 | GamsGo Code	2.0	1.0	0.0	0.0	(direct) / (none)	1
K-패스 발급 방법과 환급 혜택 정리 | 주카 비즈	3.0	2.0	0.0	0.0	shield-ui.nsa-front-end.svc.pr1.io.navercorp.com / referral	2
MMA 2025 티켓팅 성공 전략 & 투표 방법 완벽 가이드 | 멜론뮤직어워드 총정리 - 더픽	2.0	2.0	0.0	0.0	(direct) / (none)	1
NASDAQ 보관 - 더픽	2.0	2.0	0.0	0.0	(direct) / (none)	1
NYSE 보관 - 더픽	2.0	2.0	0.0	0.0	(direct) / (none)	1
RE100이란? 지속가능한 기업을 위한 필수 전략 - 더픽	2.0	2.0	0.0	0.0	(direct) / (none)	1
TypeScript 점진 도입 가이드: 기존 JavaScript 프로젝트를 안전하게 바꾸는 법 | Frontend Note	2.0	2.0	0.0	0.0	(direct) / (none)	1
zucca, 더픽의 작성자 - 150 / 146 페이지	2.0	2.0	0.0	0.0	(direct) / (none)	1
zucca, 더픽의 작성자 - 150 / 147 페이지	2.0	2.0	0.0	0.0	(direct) / (none)	1
zucca, 더픽의 작성자 - 150 / 148 페이지	2.0	2.0	0.0	0.0	(direct) / (none)	1
zucca, 더픽의 작성자 - 150 / 149 페이지	2.0	2.0	0.0	0.0	(direct) / (none)	1
zucca, 더픽의 작성자 - 150 / 150 페이지	2.0	2.0	0.0	0.0	(direct) / (none)	1
가스요금 조회, 이제 집에서 간편하게! - 더픽	2.0	2.0	0.0	0.0	(direct) / (none)	1
강아지와 함께하는 행복한 일상 가이드 - 더픽	2.0	2.0	0.0	0.0	(direct) / (none)	1
개인정보처리방침 | DevInsight	2.0	2.0	0.0	0.0	(direct) / (none)	1
개인정보처리방침 | Frontend Note	4.0	2.0	0.0	0.0	(direct) / (none)	2
개인정보처리방침 | 생활정보 나침반	2.0	1.0	0.0	0.0	naver / organic	1
개인통관고유번호 보관 - 더픽	2.0	2.0	0.0	0.0	(direct) / (none)	1
개인회생 보관 - 더픽	2.0	2.0	0.0	0.0	(direct) / (none)	1
건강한 식탁의 필수 채소, 양배추의 놀라운 비타민 효능과 다양한 식단 활용법 - 더픽	2.0	2.0	0.0	0.0	(direct) / (none)	1
건설근로자 퇴직공제금 신청 방법 총정리 (자격·서류·2026년 인상) | 생활정보 나침반	2.0	1.0	0.0	0.0	shield-ui.nsa-front-end.svc.pr1.io.navercorp.com / referral	1
경마공원 어플 총정리 — 한국마사회 앱 설치·문의처·이용 전 체크포인트 | 생활정보 나침반	2.0	1.0	0.0	0.0	shield-ui.nsa-front-end.svc.pr1.io.navercorp.com / referral	1
경제회복 보관 - 더픽	2.0	2.0	0.0	0.0	(direct) / (none)	1
고관절스트레칭 보관 - 더픽	2.0	2.0	0.0	0.0	(direct) / (none)	1
고령화대비 보관 - 더픽	2.0	2.0	0.0	0.0	(direct) / (none)	1
고속도로 통행료·하이패스 미납금 납부 방법·10배 가산금 총정리 | 생활정보 나침반	2.0	1.0	0.0	0.0	shield-ui.nsa-front-end.svc.pr1.io.navercorp.com / referral	1
고양이와 함께하는 행복한 일상을 위한 완벽 가이드 - 더픽	2.0	2.0	0.0	0.0	(direct) / (none)	1
구매 전 필독! 신비복숭아 TOP 5, 진짜 후기와 장단점 공개 - 더픽	2.0	2.0	0.0	0.0	(direct) / (none)	1
국가보안법 폐지 반대 청원을 지지하는 이유와 조진웅 은퇴 논란까지 함께 살펴보기 - 더픽	2.0	2.0	0.0	0.0	(direct) / (none)	1
국세환급금 보관 - 더픽	2.0	2.0	0.0	0.0	(direct) / (none)	1
국제면허증 발급 및 신청방법 총정리 - 더픽	2.0	2.0	0.0	0.0	(direct) / (none)	1
국제면허증 보관 - 더픽	2.0	2.0	0.0	0.0	(direct) / (none)	1
국제면허증갱신 보관 - 더픽	2.0	2.0	0.0	0.0	(direct) / (none)	1
글루타치온이란? 우리 몸의 강력한 항산화 물질 완벽 분석 - 더픽	2.0	2.0	0.0	0.0	(direct) / (none)	1
나는솔로에 대해 검색하였습니다 - 더픽	2.0	1.0	0.0	0.0	m.search.naver.com / referral	1
내돈내산 벽걸이에어컨 BEST 5, 왜 이 제품들이 1위일까? - 더픽	2.0	2.0	0.0	0.0	(direct) / (none)	1
내수활성화 보관 - 더픽	2.0	2.0	0.0	0.0	(direct) / (none)	1
네프릭스 보관 - 더픽	2.0	2.0	0.0	0.0	(direct) / (none)	1
노인일자리 신청 방법·기준·서류 총정리 (2026년) | 생활정보 나침반	2.0	1.0	0.0	0.0	shield-ui.nsa-front-end.svc.pr1.io.navercorp.com / referral	1
노후대비 보관 - 더픽	2.0	2.0	0.0	0.0	(direct) / (none)	1
녹내장 완전 가이드: 소리 없는 시력 도둑으로부터 내 눈 지키기 - 더픽	2.0	2.0	0.0	0.0	(direct) / (none)	1
농업e지·공익직불금(농업직불금) 신청 정보 총정리 (자격·단가·의무교육·지급시기) | 생활정보 나침반	4.0	2.0	0.0	0.0	(not set) / cpc	2
농협공판장 인터넷통합거래시스템·전자거래 플랫폼 총정리 (지역별 공판장·시세조회) | 생활정보 나침반	2.0	1.0	0.0	0.0	shield-ui.nsa-front-end.svc.pr1.io.navercorp.com / referral	1
뉴욕증시 보관 - 더픽	2.0	2.0	0.0	0.0	(direct) / (none)	1
단축키 보관 - 더픽	2.0	2.0	0.0	0.0	(direct) / (none)	1
단통법 폐지 후 소비자에게 미치는 실질적 영향 완전 분석 (2025년 7월) - 더픽	2.0	2.0	0.0	0.0	(direct) / (none)	1
닭가슴살 보관 - 더픽	2.0	2.0	0.0	0.0	(direct) / (none)	1
대학입시정보 보관 - 더픽	2.0	2.0	0.0	0.0	(direct) / (none)	1
더위를 이기는 건강한 선택, 여름과일의 모든 것 - 더픽	2.0	2.0	0.0	0.0	(direct) / (none)	1
독립손해사정사 보관 - 더픽	2.0	2.0	0.0	0.0	(direct) / (none)	1
두피각질없애는법: 건강한 두피 관리의 모든 것 - 더픽	3.0	2.0	0.0	0.0	m.search.naver.com / referral	2
레버리지ETF 교육 이수 방법 총정리 (신청·이수번호 등록·기본예탁금) | 생활정보 나침반	4.0	3.0	0.0	0.0	shield-ui.nsa-front-end.svc.pr1.io.navercorp.com / referral	3
로즈데이, 사랑을 전하는 특별한 날 - 더픽	2.0	2.0	0.0	0.0	(direct) / (none)	1
마블 퍼즐 솔직 후기 – 완벽한 선물일까? 장단점과 구매 전 체크리스트 - 더픽	2.0	2.0	0.0	0.0	(direct) / (none)	1
메가커피할인 완벽 가이드: 더 저렴하게 즐기는 꿀팁 대공개 - 더픽	2.0	2.0	0.0	0.0	(direct) / (none)	1
면역력 강화 보관 - 더픽	2.0	2.0	0.0	0.0	(direct) / (none)	1
면역력 강화: 일상에서 실천할 수 있는 7가지 방법 - 더픽	2.0	2.0	0.0	0.0	(direct) / (none)	1
면역력 관리 보관 - 더픽	2.0	2.0	0.0	0.0	(direct) / (none)	1
면역력강화 보관 - 더픽	2.0	2.0	0.0	0.0	(direct) / (none)	1
면역력에 좋은영양제 보관 - 더픽	2.0	2.0	0.0	0.0	(direct) / (none)	1
면역세포 보관 - 더픽	2.0	2.0	0.0	0.0	(direct) / (none)	1
무릎관절영양제, 정말 효과가 있을까? 올바른 선택을 위한 완벽 가이드 - 더픽	2.0	2.0	0.0	0.0	(direct) / (none)	1
문의하기 | 생활정보 나침반	2.0	1.0	0.0	0.0	naver / organic	1
문화누리카드 발급 방법·잔액조회·사용처(이용처) 총정리 (2026년) | 생활정보 나침반	4.0	3.0	0.0	0.0	shield-ui.nsa-front-end.svc.pr1.io.navercorp.com / referral	3
문화누리카드 발급·사용처(가맹점)·잔액조회 정보 총정리 (2026년) | 생활정보 나침반	2.0	1.0	0.0	0.0	naver / cpc	1
문화비 소득공제 누리집 완벽 분석 - 더픽	2.0	2.0	0.0	0.0	(direct) / (none)	1
미국휴장일 보관 - 더픽	2.0	2.0	0.0	0.0	(direct) / (none)	1
발바닥통증 보관 - 더픽	2.0	2.0	0.0	0.0	(direct) / (none)	1
보험선택 보관 - 더픽	2.0	2.0	0.0	0.0	(direct) / (none)	1
보험소비자 권익 보관 - 더픽	2.0	2.0	0.0	0.0	(direct) / (none)	1
블루투스 스피커 TOP 5! 실제 구매자들이 극찬한 이유는? - 더픽	2.0	2.0	0.0	0.0	(direct) / (none)	1
비타민E 보관 - 더픽	2.0	2.0	0.0	0.0	(direct) / (none)	1
산후도우미 신청 방법·대상·서류 총정리 (2026년, 친정엄마 활동까지) | 생활정보 나침반	4.0	2.0	0.0	0.0	(not set) / cpc	2
새출발기금 보관 - 더픽	2.0	2.0	0.0	0.0	(direct) / (none)	1
새출발기금신청기간 보관 - 더픽	2.0	2.0	0.0	0.0	(direct) / (none)	1
새출발기금신청방법 보관 - 더픽	2.0	2.0	0.0	0.0	(direct) / (none)	1
선거사무원의 충격적인 대리투표 사건, 우리 민주주의에 던지는 메시지 - 더픽	2.0	2.0	0.0	0.0	(direct) / (none)	1
셀레늄 보관 - 더픽	2.0	2.0	0.0	0.0	(direct) / (none)	1
소개 | 생활정보 나침반	8.0	4.0	0.0	0.0	ad.search.naver.com / referral	4
소비지원금 보관 - 더픽	2.0	2.0	0.0	0.0	(direct) / (none)	1
소상공인빚탕감 보관 - 더픽	2.0	2.0	0.0	0.0	(direct) / (none)	1
소상공인지원금 완벽 가이드: 2025년 최신 정보와 신청 방법 - 더픽	2.0	2.0	0.0	0.0	(direct) / (none)	1
소음 관리 보관 - 더픽	2.0	2.0	0.0	0.0	(direct) / (none)	1
손주돌봄수당(조부모돌봄수당) 신청방법 및 지급금액 총정리 — 지역별 지원금 (2026년) | 생활정보 나침반	2.0	1.0	0.0	0.0	shield-ui.nsa-front-end.svc.pr1.io.navercorp.com / referral	1
손해사정사 무료 선임 보관 - 더픽	2.0	2.0	0.0	0.0	(direct) / (none)	1
손해사정사 선임권 보관 - 더픽	2.0	2.0	0.0	0.0	(direct) / (none)	1
스쿨존, 우리 아이들의 안전한 등하교를 위한 필수 교통규칙 - 더픽	2.0	2.0	0.0	0.0	(direct) / (none)	1
스트레스골절 보관 - 더픽	2.0	2.0	0.0	0.0	(direct) / (none)	1
식물성단백질 보관 - 더픽	2.0	2.0	0.0	0.0	(direct) / (none)	1
신문가게 모바일 v5 앱 다운로드 바로가기 — V4와 차이까지 정보 총정리 | 주카 비즈	2.0	1.0	0.0	0.0	shield-ui.nsa-front-end.svc.pr1.io.navercorp.com / referral	1
신일선풍기 TOP 5 추천 - 지금 꼭 봐야 할 베스트 5가지 이유! - 더픽	2.0	2.0	0.0	0.0	(direct) / (none)	1
실링팬 TOP 5! 실제 구매자들이 극찬한 이유는? - 더픽	2.0	2.0	0.0	0.0	(direct) / (none)	1
실손의료보험 보관 - 더픽	2.0	2.0	0.0	0.0	(direct) / (none)	1
실업크레딧·연장급여·조기재취업수당 — 구직급여 수급 중 챙길 혜택 총정리 | 주카 비즈	3.0	2.0	0.0	0.0	(direct) / (none)	2
아시아나 마일리지 사용하기 및 사용처 - 더픽	2.0	2.0	0.0	0.0	(direct) / (none)	1
아연 보관 - 더픽	2.0	2.0	0.0	0.0	(direct) / (none)	1
아파트리모델링 보관 - 더픽	2.0	2.0	0.0	0.0	(direct) / (none)	1
애니데스크(AnyDesk) 다운로드부터 설치, 원격 연결 사용법까지 정보 총정리 | 생활정보 나침반	2.0	1.0	0.0	0.0	(not set) / cpc	1
에너지바우처 대상자별·지역별 안내 — 노인·영유아·다자녀·임산부·수급자 | 주카 비즈	7.0	6.0	0.0	0.0	(direct) / (none)	5
에너지바우처 신청·사용법 총정리 — 복지로 신청부터 국민행복카드, 잔액조회까지 | 주카 비즈	2.0	1.0	0.0	0.0	shield-ui.nsa-front-end.svc.pr1.io.navercorp.com / referral	1
엘지전자 서비스센터 전화번호 영업시간 고객센터 바로가기 완벽 가이드 - 더픽	2.0	2.0	0.0	0.0	(direct) / (none)	1
엠세이퍼(M-Safer) 해지 방법 총정리 — 가입제한·후기·보이스피싱 신고까지 | 생활정보 나침반	2.0	1.0	0.0	0.0	shield-ui.nsa-front-end.svc.pr1.io.navercorp.com / referral	1
여름맞이 에어컨청소 완벽 가이드 - 더픽	2.0	2.0	0.0	0.0	(direct) / (none)	1
영양제 보관 - 더픽	2.0	2.0	0.0	0.0	(direct) / (none)	1
영양제추천 보관 - 더픽	2.0	2.0	0.0	0.0	(direct) / (none)	1
영화 엘리오, 픽사가 선사할 우주 모험의 새로운 여정 - 더픽	2.0	2.0	0.0	0.0	(direct) / (none)	1
오메가 보관 - 더픽	2.0	2.0	0.0	0.0	(direct) / (none)	1
워크넷 구인구직 총정리 — 지역별 채용정보·로그인·앱까지 (2026년) | 생활정보 나침반	2.0	1.0	0.0	0.0	shield-ui.nsa-front-end.svc.pr1.io.navercorp.com / referral	1
원금감면 보관 - 더픽	2.0	2.0	0.0	0.0	(direct) / (none)	1
원기날씨 앱 정확도·위젯 설정·설치 방법 총정리 — 기상청 데이터 기반 날씨 어플 | 생활정보 나침반	2.0	1.0	0.0	0.0	(not set) / cpc	1
윈도우 단축키 완벽 정리: 작업 효율성을 200% 높이는 필수 조합 - 더픽	2.0	2.0	0.0	0.0	(direct) / (none)	1
유니패스 보관 - 더픽	2.0	2.0	0.0	0.0	(direct) / (none)	1
유니패스 통관조회 보관 - 더픽	2.0	2.0	0.0	0.0	(direct) / (none)	1
이걸 안 보면 손해! 냉감패드 인기상품 5종 솔직 리뷰 - 더픽	2.0	2.0	0.0	0.0	(direct) / (none)	1
이걸 안 보면 손해! 블루베리 인기상품 5종 솔직 리뷰 - 더픽	2.0	2.0	0.0	0.0	(direct) / (none)	1
이것만 보면 끝! 창문형에어컨 인기상품 5종 비교+리얼 후기 - 더픽	2.0	2.0	0.0	0.0	(direct) / (none)	1
이것만 보면 끝! 형부떡볶이 인기상품 5종 비교+리얼 후기 - 더픽	2.0	2.0	0.0	0.0	(direct) / (none)	1
이삭토스트 복숭아잼이 온다! 신메뉴 총정리 - 더픽	2.0	2.0	0.0	0.0	(direct) / (none)	1
이용약관 | Frontend Note	3.0	3.0	0.0	0.0	(direct) / (none)	2
이용약관 | 생활정보 나침반	2.0	1.0	0.0	0.0	naver / organic	1
자녀장려금신청 기준·지급일 총정리 (2026년) | 생활정보 나침반	2.0	1.0	0.0	0.0	m.search.naver.com / referral	1
자동차세 연납 신청 방법·할인율 정보 총정리 (2026년) | 생활정보 나침반	2.0	2.0	0.0	0.0	(not set) / cpc	1
자영업자채무조정 보관 - 더픽	2.0	2.0	0.0	0.0	(direct) / (none)	1
장요근 보관 - 더픽	2.0	2.0	0.0	0.0	(direct) / (none)	1
재발급 방법 보관 - 더픽	2.0	2.0	0.0	0.0	(direct) / (none)	1
저작권보호정책 | Frontend Note	2.0	1.0	0.0	0.0	vercel.com / referral	1
전국민 지원금 보관 - 더픽	2.0	2.0	0.0	0.0	(direct) / (none)	1
전기 자전거, 새로운 모빌리티 시대의 핵심 - 더픽	2.0	2.0	0.0	0.0	(direct) / (none)	1
전세와 월세의 세제 혜택 및 숨은 장점: 세입자 관점에서의 상세 분석 - 더픽	2.0	2.0	0.0	0.0	(direct) / (none)	1
정부지원금 통합조회 서비스 보조금24 사용방법 - 더픽	2.0	2.0	0.0	0.0	(direct) / (none)	1
제21대대통령선거 - 사전투표 일정 및 후보자 정리 - 더픽	2.0	2.0	0.0	0.0	(direct) / (none)	1
조용필 콘서트, 꿈이 현실로! 고척돔 무료 공연 예매 완벽 가이드 - 더픽	2.0	2.0	0.0	0.0	(direct) / (none)	1
주 4.5일제 도입, 과연 현실적일까? 완전 분석 - 더픽	2.0	2.0	0.0	0.0	(direct) / (none)	1
주니어커리어넷 보관 - 더픽	2.0	2.0	0.0	0.0	(direct) / (none)	1
주민등록등본 발급 방법 정보 총정리 (인터넷·무인발급기·무료·PDF 저장) | 생활정보 나침반	2.0	1.0	0.0	0.0	shield-ui.nsa-front-end.svc.pr1.io.navercorp.com / referral	1
지게차운전면허, 1종대형, 굴삭기운전기능사, 원동기운전면허, 1종특수 면허 알아보기 - 더픽	2.0	2.0	0.0	0.0	(direct) / (none)	1
지역경제 보관 - 더픽	2.0	2.0	0.0	0.0	(direct) / (none)	1
차등지급 보관 - 더픽	2.0	2.0	0.0	0.0	(direct) / (none)	1
청남대 모노레일 예약 방법·입장료·할인 정보 총정리 | 주카 비즈	2.0	1.0	0.0	0.0	(not set) / cpc	1
청소년보호정책 | Frontend Note	2.0	1.0	0.0	0.0	vercel.com / referral	1
추가경정예산 보관 - 더픽	2.0	2.0	0.0	0.0	(direct) / (none)	1
치매 조기 발견을 위한 온라인 치매검사 가이드 - 더픽	2.0	2.0	0.0	0.0	(direct) / (none)	1
침향 효능과 부작용 완벽 가이드: 진짜 보약일까? 제대로 알고 드세요 - 더픽	2.0	2.0	0.0	0.0	(direct) / (none)	1
카드포인트 통합조회 서비스 여신금융협회 통합조회 카드포인트 현금전환 - 더픽	2.0	2.0	0.0	0.0	(direct) / (none)	1
카카오톡 선물하기 라부부 인형 완벽 가이드 - 지금 바로 선물하세요! - 더픽	2.0	2.0	0.0	0.0	(direct) / (none)	1
카테고리 | 생활정보 나침반	4.0	2.0	0.0	0.0	m.search.naver.com / referral	2
콜레스테롤 보관 - 더픽	2.0	2.0	0.0	0.0	(direct) / (none)	1
쿠팡 해킹 보관 - 더픽	2.0	2.0	0.0	0.0	(direct) / (none)	1
쿠펀치 신청방법·확정문자·가입오류 해결 총정리 | 생활정보 나침반	2.0	1.0	0.0	0.0	shield-ui.nsa-front-end.svc.pr1.io.navercorp.com / referral	1
퀵맘자켓 TOP 5 추천 - 실사용 후기와 추천 포인트 총정리 - 더픽	2.0	2.0	0.0	0.0	(direct) / (none)	1
토스증권 계좌개설 방법 총정리 — 이벤트·서류·미성년자·해외주식 (2026년) | 생활정보 나침반	4.0	2.0	0.0	0.0	(not set) / cpc	2
통신판매업 신고 방법 신고증 출력 방법 알아보기 - 더픽	2.0	2.0	0.0	0.0	(direct) / (none)	1
폭염 시즌, 햇빛에 탄 피부 관리의 모든 것 - 더픽	2.0	2.0	0.0	0.0	(direct) / (none)	1
프론트엔드 실무 자료실 | Frontend Note	2.0	1.0	0.0	0.0	(direct) / (none)	1
하지정맥 보관 - 더픽	2.0	2.0	0.0	0.0	(direct) / (none)	1
함양 대봉산 모노레일 근처 맛집·주차 총정리 — 가는 길 안내 | 주카 비즈	3.0	4.0	0.0	0.0	m.search.naver.com / referral	3
항산화 보관 - 더픽	2.0	2.0	0.0	0.0	(direct) / (none)	1
해외구매대행 완벽 가이드: 똑똑한 소비자를 위한 전략 - 더픽 %	2.0	2.0	0.0	0.0	(direct) / (none)	1
혈당관리와 당뇨에 좋은 음식: 지속 가능한 건강 식단 가이드 - 더픽	2.0	2.0	0.0	0.0	(direct) / (none)	1
혈당측정 중요성 보관 - 더픽	2.0	2.0	0.0	0.0	(direct) / (none)	1
히가시노 게이고 별세 추모 — 대표작·추천 도서 총정리 | 주카 비즈	2.0	2.0	0.0	0.0	shield-ui.nsa-front-end.svc.pr1.io.navercorp.com / referral	1
🚀 iOS 26 베타 출시| IOS 26 베타 설치 방법 - 더픽	2.0	2.0	0.0	0.0	(direct) / (none)	1
1899-9988 보관 - 더픽	1.0	1.0	0.0	0.0	(direct) / (none)	1
1인가구 주거안정 지원금 신청방법: 2025년 신청 조건부터 지원금액까지 총정리 - 더픽	1.0	1.0	0.0	0.0	(direct) / (none)	1
2025 연말 열차 예매 보관 - 더픽	1.0	1.0	0.0	0.0	(direct) / (none)	1
2025년 운세 보관 - 더픽	1.0	1.0	0.0	0.0	(direct) / (none)	1
2025년 정치권 ‘역선택 방지조항’이란? 단일화 협상 핵심 쟁점 완벽 정리 - 더픽	1.0	1.0	0.0	0.0	(direct) / (none)	1
2025년휴장일 보관 - 더픽	1.0	1.0	0.0	0.0	(direct) / (none)	1
2026 북중미 월드컵 일정 총정리 (16강 결과·8강·준결승)	1.0	1.0	0.0	0.0	(direct) / (none)	1
2026 자동차세 계산기 | 배기량·차령·연납 할인 반영 예상 세액 조회	1.0	1.0	0.0	0.0	(direct) / (none)	1
2026 전국 장병내일준비적금 은행별 금리 비교 및 신청 - KB, 하나, IBK, 신한 등 14개 은행	1.0	1.0	0.0	0.0	(direct) / (none)	1
2026 청년월세지원 신청방법 및 지원조건 안내	1.0	1.0	0.0	0.0	(direct) / (none)	1
2026 한일가왕전 투표 채널 바로가기 및 틱톡 라이트 다운로드	1.0	1.0	0.0	0.0	(direct) / (none)	1
2026년 기준 중위소득표 (150%, 200%, 250% 구간별 월급 환산액 총정리) - 더픽	1.0	0.0	0.0	0.0	(direct) / (none)	1
2026년 무주택자 정부지원 대출 BEST 4: 디딤돌, 보금자리론, 신생아 특례 완벽 정리 - 더픽	1.0	1.0	0.0	0.0	(direct) / (none)	1
2026년 유튜브 프리미엄 우회 막힘 완벽 대안 | 겜스고 할인코드	1.0	1.0	0.0	0.0	naver / organic	1
2026설날 보관 - 더픽	1.0	1.0	0.0	0.0	(direct) / (none)	1
2026설명절 보관 - 더픽	1.0	1.0	0.0	0.0	(direct) / (none)	1
60대 장년수당 신설! 월 10만원 지원 받는 방법 신청절차 - 더픽	1.0	1.0	0.0	0.0	(direct) / (none)	1
FileReader API 사용법: readAsDataURL과 readAsArrayBuffer 언제 쓸까 | Frontend Note	1.0	1.0	0.0	0.0	vercel.com / referral	1
GamsGo에 대해 검색하였습니다 - 더픽	1.0	1.0	0.0	0.0	(direct) / (none)	1
IT | 더픽	1.0	1.0	0.0	0.0	(direct) / (none)	1
JPEG, PNG, WebP 압축 결과 비교: 사진, 스크린샷, 투명 이미지 기준 | Frontend Note	1.0	1.0	0.0	0.0	(direct) / (none)	1
KTX 취소표 시간 보관 - 더픽	1.0	1.0	0.0	0.0	(direct) / (none)	1
SC제일은행 모바일뱅킹 앱 설치 및 고객센터 바로가기	1.0	1.0	0.0	0.0	(direct) / (none)	1
Uncategorized | 더픽	1.0	1.0	0.0	0.0	(direct) / (none)	1
[2026 최신] 새해인사말 모음 복사해서 바로 사용하세요 (직장상사, 친구, 부모님) - 더픽	1.0	1.0	0.0	0.0	(direct) / (none)	1
gamsgo에 대해 검색하였습니다 - 더픽	2.0	2.0	0.0	0.0	(direct) / (none)	2
ltv 보관 - 더픽	1.0	1.0	0.0	0.0	(direct) / (none)	1
zucca, 더픽의 작성자 - 141 / 141 페이지	1.0	1.0	0.0	0.0	(direct) / (none)	1
zucca, 더픽의 작성자 - 141 / 2 페이지	1.0	1.0	0.0	0.0	(direct) / (none)	1
zucca, 더픽의 작성자 - 141 / 3 페이지	1.0	1.0	0.0	0.0	(direct) / (none)	1
zucca, 더픽의 작성자 - 150 / 10 페이지	1.0	1.0	0.0	0.0	(direct) / (none)	1
zucca, 더픽의 작성자 - 150 / 11 페이지	1.0	1.0	0.0	0.0	(direct) / (none)	1
zucca, 더픽의 작성자 - 150 / 135 페이지	1.0	1.0	0.0	0.0	(direct) / (none)	1
zucca, 더픽의 작성자 - 150 / 136 페이지	1.0	1.0	0.0	0.0	(direct) / (none)	1
zucca, 더픽의 작성자 - 150 / 137 페이지	1.0	1.0	0.0	0.0	(direct) / (none)	1
zucca, 더픽의 작성자 - 150 / 138 페이지	1.0	1.0	0.0	0.0	(direct) / (none)	1
zucca, 더픽의 작성자 - 150 / 139 페이지	1.0	1.0	0.0	0.0	(direct) / (none)	1
zucca, 더픽의 작성자 - 150 / 140 페이지	1.0	1.0	0.0	0.0	(direct) / (none)	1
zucca, 더픽의 작성자 - 150 / 142 페이지	1.0	1.0	0.0	0.0	(direct) / (none)	1
zucca, 더픽의 작성자 - 150 / 143 페이지	1.0	1.0	0.0	0.0	(direct) / (none)	1
zucca, 더픽의 작성자 - 150 / 144 페이지	1.0	1.0	0.0	0.0	(direct) / (none)	1
zucca, 더픽의 작성자 - 150 / 145 페이지	1.0	1.0	0.0	0.0	(direct) / (none)	1
zucca, 더픽의 작성자 - 150 / 2 페이지	1.0	1.0	0.0	0.0	(direct) / (none)	1
zucca, 더픽의 작성자 - 150 / 3 페이지	1.0	1.0	0.0	0.0	(direct) / (none)	1
zucca, 더픽의 작성자 - 150 / 4 페이지	1.0	1.0	0.0	0.0	(direct) / (none)	1
zucca, 더픽의 작성자 - 150 / 5 페이지	1.0	1.0	0.0	0.0	(direct) / (none)	1
zucca, 더픽의 작성자 - 150 / 6 페이지	1.0	1.0	0.0	0.0	(direct) / (none)	1
zucca, 더픽의 작성자 - 150 / 7 페이지	1.0	1.0	0.0	0.0	(direct) / (none)	1
zucca, 더픽의 작성자 - 150 / 8 페이지	1.0	1.0	0.0	0.0	(direct) / (none)	1
zucca, 더픽의 작성자 - 150 / 9 페이지	1.0	1.0	0.0	0.0	(direct) / (none)	1
zucca, 더픽의 작성자 - 154 / 134 페이지	1.0	1.0	0.0	0.0	(direct) / (none)	1
zucca, 더픽의 작성자 - 155 / 12 페이지	1.0	1.0	0.0	0.0	(direct) / (none)	1
zucca, 더픽의 작성자 - 155 / 13 페이지	1.0	1.0	0.0	0.0	(direct) / (none)	1
zucca, 더픽의 작성자 - 155 / 132 페이지	1.0	1.0	0.0	0.0	(direct) / (none)	1
zucca, 더픽의 작성자 - 155 / 133 페이지	1.0	1.0	0.0	0.0	(direct) / (none)	1
zucca, 더픽의 작성자 - 155 / 154 페이지	1.0	1.0	0.0	0.0	(direct) / (none)	1
zucca, 더픽의 작성자 - 155 / 4 페이지	1.0	1.0	0.0	0.0	(direct) / (none)	1
zucca, 더픽의 작성자 - 155 / 5 페이지	1.0	1.0	0.0	0.0	(direct) / (none)	1
zucca, 더픽의 작성자 - 163 / 145 페이지	1.0	1.0	0.0	0.0	(direct) / (none)	1
zucca, 더픽의 작성자 - 166 / 144 페이지	1.0	1.0	0.0	0.0	(direct) / (none)	1
간병보험 보관 - 더픽	1.0	1.0	0.0	0.0	(direct) / (none)	1
간병비용 보관 - 더픽	1.0	1.0	0.0	0.0	(direct) / (none)	1
강남구운전면허반납 보관 - 더픽	1.0	1.0	0.0	0.0	(direct) / (none)	1
개인정보 유출 보관 - 더픽	1.0	1.0	0.0	0.0	(direct) / (none)	1
건강 | 더픽	1.0	1.0	0.0	0.0	(direct) / (none)	1
건강한 여름 다이어트 완전 가이드: 강박 없이 시작하는 여름 맞이 식단 - 더픽	1.0	1.0	0.0	0.0	(direct) / (none)	1
경부선 KTX 예매 보관 - 더픽	1.0	1.0	0.0	0.0	(direct) / (none)	1
경전선 열차 예약 보관 - 더픽	1.0	1.0	0.0	0.0	(direct) / (none)	1
고객센터에 대해 검색하였습니다 - 27 / 4 페이지 - 더픽	1.0	1.0	0.0	0.0	(direct) / (none)	1
고관절 보관 - 더픽	1.0	1.0	0.0	0.0	(direct) / (none)	1
고관절 통증 보관 - 더픽	1.0	1.0	0.0	0.0	(direct) / (none)	1
고유가 민생지원금 - 우대·특별 지역 확인하기	1.0	1.0	0.0	0.0	(direct) / (none)	1
고정지출방어 보관 - 더픽	1.0	1.0	0.0	0.0	(direct) / (none)	1
공시지가 이의신청 방법 및 양식 다운로드 | 개별·공동주택 공시가격	1.0	1.0	0.0	0.0	(direct) / (none)	1
공임나라 예약 및 표준 공임비 확인 | 엔진교체, 타이어교체, 차량정비	1.0	1.0	0.0	0.0	(direct) / (none)	1
공제한도 보관 - 더픽	1.0	1.0	0.0	0.0	(direct) / (none)	1
관세 보관 - 더픽	1.0	1.0	0.0	0.0	(direct) / (none)	1
관절에 좋은음식 보관 - 더픽	1.0	1.0	0.0	0.0	(direct) / (none)	1
관절염 보관 - 더픽	1.0	1.0	0.0	0.0	(direct) / (none)	1
관절염, 더 이상 노인 질환이 아니다 - 더픽	1.0	1.0	0.0	0.0	(direct) / (none)	1
교보전자도서관 보관 - 더픽	1.0	1.0	0.0	0.0	(direct) / (none)	1
구글 제미나이 어드밴스드 할인: 월 3,500원 이용법 | 겜스고	1.0	1.0	0.0	0.0	naver / organic	1
구글 플레이스토어 다운로드 playstore - 더픽	1.0	1.0	0.0	0.0	naver_blog / organic	1
구글에 대해 검색하였습니다 - 더픽	1.0	1.0	0.0	0.0	brunch.co.kr / referral	1
구텐베르크 보관 - 더픽	1.0	1.0	0.0	0.0	(direct) / (none)	1
국민연금 당겨 받을까 미뤄 받을까 — 조기연금 vs 연기연금 총정리 | 주카 비즈	1.0	1.0	0.0	0.0	(not set) / cpc	1
국제면허사용국가 보관 - 더픽	1.0	1.0	0.0	0.0	(direct) / (none)	1
국토부 아파트 실거래가 조회시스템 이용하기 - 더픽	1.0	1.0	0.0	0.0	(direct) / (none)	1
국회도서관 보관 - 더픽	1.0	1.0	0.0	0.0	(direct) / (none)	1
굵어지는 법 보관 - 더픽	1.0	1.0	0.0	0.0	(direct) / (none)	1
귀 건강 보관 - 더픽	1.0	1.0	0.0	0.0	(direct) / (none)	1
글루타치온 보관 - 더픽	1.0	1.0	0.0	0.0	(direct) / (none)	1
기술 블로그의 벤치마크 수치, 그대로 믿어도 될까 | Frontend Note	1.0	1.0	0.0	0.0	vercel.com / referral	1
나스닥 보관 - 더픽	1.0	1.0	0.0	0.0	(direct) / (none)	1
납세증명 보관 - 더픽	1.0	1.0	0.0	0.0	(direct) / (none)	1
내 집 마련을 위한 주택담보대출 상품 추천 - 더픽	1.0	1.0	0.0	0.0	(direct) / (none)	1
내집마련 보관 - 더픽	1.0	1.0	0.0	0.0	(direct) / (none)	1
네이버 에 대해 검색하였습니다 - 더픽	1.0	1.0	0.0	0.0	(direct) / (none)	1
네이버멤버십 보관 - 더픽	1.0	1.0	0.0	0.0	(direct) / (none)	1
넷플릭스요금제할인 보관 - 더픽	1.0	1.0	0.0	0.0	(direct) / (none)	1
뇌출혈, 제대로 알고 대비하는 방법 - 더픽	1.0	1.0	0.0	0.0	(direct) / (none)	1
눈밑떨림 보관 - 더픽	1.0	1.0	0.0	0.0	(direct) / (none)	1
눈앞에뭐가떠다녀요 보관 - 더픽	1.0	1.0	0.0	0.0	(direct) / (none)	1
늘어나는 폭염, 안전하게 여름나기 위한 필수 가이드 - 더픽	1.0	1.0	0.0	0.0	(direct) / (none)	1
다음 팟플레이어 다운로드 방법 최신 버전 무료 설치 부터 자막·코덱 설정 - 더픽	1.0	2.0	0.0	0.0	(direct) / (none)	2
단백질 보관 - 더픽	1.0	1.0	0.0	0.0	(direct) / (none)	1
단백질양 계산 보관 - 더픽	1.0	1.0	0.0	0.0	(direct) / (none)	1
대봉산모노레일 근처 맛집 — 휴양밸리 안팎 식사 장소 정리 | 생활정보 나침반	1.0	1.0	0.0	0.0	(direct) / (none)	1
대상포진, 알면 예방할 수 있습니다: 증상과 백신 접종 완전 가이드 - 더픽	1.0	1.0	0.0	0.0	(direct) / (none)	1
대상포진예방접종, 알아야 할 모든 것 - 더픽	1.0	1.0	0.0	0.0	(direct) / (none)	1
대통령연임제 보관 - 더픽	1.0	1.0	0.0	0.0	(direct) / (none)	1
대한민국 모든 은행 & 금융기관 공식 홈페이지 통합 바로가기 모음	1.0	1.0	0.0	0.0	tistory / blog	1
동해선 KTX 보관 - 더픽	1.0	1.0	0.0	0.0	(direct) / (none)	1
동행복권 바로가기 | 로또 6/45, 연금복권 720+, 스피또 당첨 확인	1.0	1.0	0.0	0.0	(direct) / (none)	1
두피각질 보관 - 더픽	1.0	1.0	0.0	0.0	(direct) / (none)	1
두피각질없애는법 보관 - 더픽	1.0	1.0	0.0	0.0	(direct) / (none)	1
두피건강 보관 - 더픽	1.0	1.0	0.0	0.0	(direct) / (none)	1
두피관리 보관 - 더픽	1.0	1.0	0.0	0.0	(direct) / (none)	1
렌트카 보관 - 더픽	1.0	1.0	0.0	0.0	(direct) / (none)	1
로블록스 스튜디오 다운로드 설치 방법 알아보기 - 더픽	2.0	2.0	0.0	0.0	external / 	2
리디북스 보관 - 더픽	1.0	1.0	0.0	0.0	(direct) / (none)	1
매일미사 앱 다운로드 & 오늘의 미사 바로가기 | 주카 비즈	1.0	2.0	0.0	0.0	(direct) / (none)	2
머리카락 보관 - 더픽	1.0	1.0	0.0	0.0	(direct) / (none)	1
면역력 보관 - 더픽	1.0	1.0	0.0	0.0	(direct) / (none)	1
면허증발급 보관 - 더픽	1.0	1.0	0.0	0.0	(direct) / (none)	1
무료 사주 보관 - 더픽	1.0	1.0	0.0	0.0	(direct) / (none)	1
무료전자책 보관 - 더픽	1.0	1.0	0.0	0.0	(direct) / (none)	1
무릎통증 보관 - 더픽	1.0	1.0	0.0	0.0	(direct) / (none)	1
무명전설 국민의 선택 | 투표 안내	1.0	1.0	0.0	0.0	(direct) / (none)	1
문의하기 | DevInsight	1.0	1.0	0.0	0.0	(direct) / (none)	1
문의하기 | Frontend Note	1.0	1.0	0.0	0.0	(direct) / (none)	1
문화누리카드 보관 - 더픽	1.0	1.0	0.0	0.0	(direct) / (none)	1
문화누리카드 충전일 보관 - 더픽	1.0	1.0	0.0	0.0	(direct) / (none)	1
뮤뮤 앱플레이어 다운로드 설치방법 - 더픽	1.0	1.0	0.0	0.0	naver_blog / organic	1
미국주식 보관 - 더픽	1.0	1.0	0.0	0.0	(direct) / (none)	1
미국증시휴장일 보관 - 더픽	1.0	1.0	0.0	0.0	(direct) / (none)	1
미중상호관세 보관 - 더픽	1.0	1.0	0.0	0.0	(direct) / (none)	1
민생회복지원금 보관 - 더픽	1.0	1.0	0.0	0.0	(direct) / (none)	1
밀리의서재 보관 - 더픽	1.0	1.0	0.0	0.0	(direct) / (none)	1
발건강관리 보관 - 더픽	1.0	1.0	0.0	0.0	(direct) / (none)	1
발바닥 물리치료 보관 - 더픽	1.0	1.0	0.0	0.0	(direct) / (none)	1
발바닥 통증 보관 - 더픽	1.0	1.0	0.0	0.0	(direct) / (none)	1
발바닥 통증의 원인과 효과적인 관리법 - 더픽	1.0	1.0	0.0	0.0	(direct) / (none)	1
변비 보관 - 더픽	1.0	1.0	0.0	0.0	(direct) / (none)	1
변비에좋은음식 보관 - 더픽	1.0	1.0	0.0	0.0	(direct) / (none)	1
병원 진료확인서 발급 방법 알아보기 - 더픽	1.0	1.0	0.0	0.0	(direct) / (none)	1
보금자리론의 종류와 장점 완벽 분석 - 더픽	1.0	1.0	0.0	0.0	(direct) / (none)	1
보청기 보관 - 더픽	1.0	1.0	0.0	0.0	(direct) / (none)	1
부비동암 증상, 놓치면 안 되는 초기 신호 - 더픽	1.0	1.0	0.0	0.0	(direct) / (none)	1
부산운전면허반납 보관 - 더픽	1.0	1.0	0.0	0.0	(direct) / (none)	1
부실차주 보관 - 더픽	1.0	1.0	0.0	0.0	(direct) / (none)	1
부커스 보관 - 더픽	1.0	1.0	0.0	0.0	(direct) / (none)	1
브라우저에서 이미지 압축하는 방법: 리사이즈부터 WebP 변환까지 | Frontend Note	1.0	1.0	0.0	0.0	vercel.com / referral	1
비만 보관 - 더픽	1.0	1.0	0.0	0.0	(direct) / (none)	1
비문증 보관 - 더픽	1.0	1.0	0.0	0.0	(direct) / (none)	1
비오틴 보관 - 더픽	1.0	1.0	0.0	0.0	(direct) / (none)	1
비타민 보관 - 더픽	1.0	1.0	0.0	0.0	(direct) / (none)	1
비타민C 보관 - 더픽	1.0	1.0	0.0	0.0	(direct) / (none)	1
빅뱅 콘서트 2026 예매 일정과 예매 팁 | 주카 비즈	1.0	1.0	0.0	0.0	(not set) / cpc	1
빅뱅 콘서트 예매 바로가기 | BIGBANG 2026 WORLD TOUR IN GOYANG	1.0	1.0	0.0	0.0	(direct) / (none)	1
사업운 보관 - 더픽	1.0	1.0	0.0	0.0	(direct) / (none)	1
사주 보관 - 더픽	1.0	1.0	0.0	0.0	(direct) / (none)	1
사진으로 제품찾기 옷 물건 검색방법 - 더픽	1.0	1.0	0.0	0.0	(direct) / (none)	1
사회복지사 보관 - 더픽	1.0	1.0	0.0	0.0	(direct) / (none)	1
상속세계산 보관 - 더픽	1.0	1.0	0.0	0.0	(direct) / (none)	1
상호관세 보관 - 더픽	1.0	1.0	0.0	0.0	(direct) / (none)	1
생활비방어 보관 - 더픽	1.0	1.0	0.0	0.0	(direct) / (none)	1
생활습관 개선 보관 - 더픽	1.0	1.0	0.0	0.0	(direct) / (none)	1
서울시민카드 보관 - 더픽	1.0	1.0	0.0	0.0	(direct) / (none)	1
서울전통시장 보관 - 더픽	1.0	1.0	0.0	0.0	(direct) / (none)	1
설날행사 보관 - 더픽	1.0	1.0	0.0	0.0	(direct) / (none)	1
설악산 케이블카 예약 및 요금 안내	1.0	1.0	0.0	0.0	(direct) / (none)	1
소상공인지원금 신청 방법 및 혜택 완벽 가이드 - 더픽 더픽	1.0	1.0	0.0	0.0	(direct) / (none)	1
쇼핑 | 더픽	1.0	1.0	0.0	0.0	(direct) / (none)	1
스도쿠 다운로드 설치 방법 바로가기 - 더픽	1.0	1.0	0.0	0.0	naver_blog / organic	1
스트레스 해소 보관 - 더픽	1.0	1.0	0.0	0.0	(direct) / (none)	1
스파이더 카드놀이 다운로드 설치 방법 - 더픽	1.0	1.0	0.0	0.0	naver_blog / organic	1
식이섬유 많은음식 보관 - 더픽	1.0	1.0	0.0	0.0	(direct) / (none)	1
식이섬유 보관 - 더픽	1.0	1.0	0.0	0.0	(direct) / (none)	1
신한라이프 보관 - 더픽	1.0	1.0	0.0	0.0	(direct) / (none)	1
신한생명 무료운세 보관 - 더픽	1.0	1.0	0.0	0.0	(direct) / (none)	1
신한은행 마이너스통장 개설 조건 서류 시간 소요시간 방법 - 더픽	1.0	1.0	0.0	0.0	(direct) / (none)	1
실버보험 보관 - 더픽	1.0	1.0	0.0	0.0	(direct) / (none)	1
아웃백 스테이크하우스 할인 꿀팁 총정리 | 상품권, 할인카드, 제휴사 안내	1.0	1.0	0.0	0.0	(direct) / (none)	1
압축 결과 카드에 원본 크기와 감소율을 함께 보여 주는 이유 | Frontend Note	1.0	1.0	0.0	0.0	(direct) / (none)	1
에어컨청소 보관 - 더픽	1.0	1.0	0.0	0.0	(direct) / (none)	1
여름 보관 - 더픽	1.0	1.0	0.0	0.0	(direct) / (none)	1
연말 KTX 예약 보관 - 더픽	1.0	1.0	0.0	0.0	(direct) / (none)	1
온누리상품권환급 보관 - 더픽	1.0	1.0	0.0	0.0	(direct) / (none)	1
올여름 바캉스룩을 위한 비치웨어 가이드: 퍼스널 컬러와 체형 별 딱 맞는 스타일 찾기 - 더픽	1.0	1.0	0.0	0.0	(direct) / (none)	1
요양보험 보관 - 더픽	1.0	1.0	0.0	0.0	(direct) / (none)	1
용산구운전면허반납 보관 - 더픽	1.0	1.0	0.0	0.0	(direct) / (none)	1
우리카드 앱 설치 다운로드 바로가기 - 더픽	1.0	1.0	0.0	0.0	(direct) / (none)	1
우주떡집 기본정보 지락실 지구오락실 예약방법 OTT 티빙 다시보기 가이드 - 더픽	1.0	1.0	0.0	0.0	(direct) / (none)	1
운세 보기 보관 - 더픽	1.0	1.0	0.0	0.0	(direct) / (none)	1
운전면허반납혜택 보관 - 더픽	1.0	1.0	0.0	0.0	(direct) / (none)	1
운전면허자진반납 보관 - 더픽	1.0	1.0	0.0	0.0	(direct) / (none)	1
원기날씨 정보 총정리 — 정확도·위젯·PC 확인법 | 주카 비즈	1.0	1.0	0.0	0.0	shield-ui.nsa-front-end.svc.pr1.io.navercorp.com / referral	1
윈도우 보관 - 더픽	1.0	1.0	0.0	0.0	(direct) / (none)	1
유부녀 킬러 인물관계도 몇부작 출연진 OTT 한 눈에 정리 - 더픽	1.0	1.0	0.0	0.0	(direct) / (none)	1
을사년 운세 보관 - 더픽	1.0	1.0	0.0	0.0	(direct) / (none)	1
의료급여 틀니 임플란트 건강보험 지원 혜택 - 더픽	2.0	2.0	0.0	0.0	(direct) / (none)	2
이걸 안 보면 손해! 제습기 인기상품 5종 솔직 리뷰 - 더픽	1.0	1.0	0.0	0.0	(direct) / (none)	1
이메일무단수집거부 | Frontend Note	1.0	1.0	0.0	0.0	vercel.com / referral	1
이명 보관 - 더픽	1.0	1.0	0.0	0.0	(direct) / (none)	1
이명 예방 보관 - 더픽	1.0	1.0	0.0	0.0	(direct) / (none)	1
이명원인, 왜 발생할까? 정확한 이해와 예방법 - 더픽	1.0	1.0	0.0	0.0	(direct) / (none)	1
이용약관 | DevInsight	1.0	1.0	0.0	0.0	(direct) / (none)	1
입주청소 보관 - 더픽	1.0	1.0	0.0	0.0	(direct) / (none)	1
자바스크립트의 깊은 곳: 클로저(Closure)의 동작 원리와 실무 패턴 | DevInsight	1.0	1.0	0.0	0.0	(direct) / (none)	1
잠자는 세금포인트로 영화표 2천원 할인받은 후기 (조회부터 예매까지 3분) - 더픽	1.0	1.0	0.0	0.0	(direct) / (none)	1
장기요양보험 보관 - 더픽	1.0	1.0	0.0	0.0	(direct) / (none)	1
재직증명서 양식 무료 다운로드 - 더픽	1.0	1.0	0.0	0.0	naver_blog / organic	1
전국 주요 시/도청 민생지원금 바로가기 가이드	1.0	1.0	0.0	0.0	(direct) / (none)	1
전입신고 인터넷 신청 방법 총정리 (필요서류·세대주 확인·확정일자) | 생활정보 나침반	1.0	1.0	0.0	0.0	(direct) / (none)	1
전통시장주차 보관 - 더픽	1.0	1.0	0.0	0.0	(direct) / (none)	1
제21대 대통령선거 사전투표소 - 더픽	1.0	1.0	0.0	0.0	(direct) / (none)	1
제네바협약 보관 - 더픽	1.0	1.0	0.0	0.0	(direct) / (none)	1
족저근막염 보관 - 더픽	1.0	1.0	0.0	0.0	(direct) / (none)	1
주제별 글 목록 | Frontend Note	1.0	1.0	0.0	0.0	vercel.com / referral	1
주택연금, 내 집으로 평생 연금 받기 — 가입조건과 2026 달라진 점 | 주카 비즈	1.0	1.0	0.0	0.0	m.search.naver.com / referral	1
중년 운세 보관 - 더픽	1.0	1.0	0.0	0.0	(direct) / (none)	1
중앙선 기차표 보관 - 더픽	1.0	1.0	0.0	0.0	(direct) / (none)	1
중앙치매센터 보관 - 더픽	1.0	1.0	0.0	0.0	(direct) / (none)	1
중풍보험 보관 - 더픽	1.0	1.0	0.0	0.0	(direct) / (none)	1
증시달력 보관 - 더픽	1.0	1.0	0.0	0.0	(direct) / (none)	1
증여세 보관 - 더픽	1.0	1.0	0.0	0.0	(direct) / (none)	1
지류형 온누리상품권 5% 할인 구매처 | 사용처 | 현금영수증/잔액 환불 - 더픽	1.0	1.0	0.0	0.0	(direct) / (none)	1
지방세 보관 - 더픽	1.0	1.0	0.0	0.0	(direct) / (none)	1
지방세납세증명 보관 - 더픽	1.0	1.0	0.0	0.0	(direct) / (none)	1
지역별운전면허자진반납 보관 - 더픽	1.0	1.0	0.0	0.0	(direct) / (none)	1
지역화폐 보관 - 더픽	1.0	1.0	0.0	0.0	(direct) / (none)	1
직접생산확인증명서 신청방법 발급 서류 소요기간 자세히보기 - 더픽	1.0	1.0	0.0	0.0	(direct) / (none)	1
짠테크 보관 - 더픽	1.0	1.0	0.0	0.0	(direct) / (none)	1
챗GPT 플러스 유료 할인: 월 6,700원의 기적 | 겜스고 후기	2.0	2.0	0.0	0.0	naver / organic	2
천연 두피각질 스크럽 보관 - 더픽	1.0	1.0	0.0	0.0	(direct) / (none)	1
청각 보조기기 보관 - 더픽	1.0	1.0	0.0	0.0	(direct) / (none)	1
청력 보호 보관 - 더픽	1.0	1.0	0.0	0.0	(direct) / (none)	1
초복: 여름 건강을 지키는 전통 절기 완벽 가이드 - 더픽	1.0	1.0	0.0	0.0	(direct) / (none)	1
취득세 보관 - 더픽	1.0	1.0	0.0	0.0	(direct) / (none)	1
치매 보관 - 더픽	1.0	1.0	0.0	0.0	(direct) / (none)	1
치매보험 보관 - 더픽	1.0	1.0	0.0	0.0	(direct) / (none)	1
치매상담콜센터 보관 - 더픽	1.0	1.0	0.0	0.0	(direct) / (none)	1
치매예방 보관 - 더픽	1.0	1.0	0.0	0.0	(direct) / (none)	1
치매예방법 보관 - 더픽	1.0	1.0	0.0	0.0	(direct) / (none)	1
치매초기증상 보관 - 더픽	1.0	1.0	0.0	0.0	(direct) / (none)	1
카테고리 | 주카 비즈	1.0	1.0	0.0	0.0	naver / organic	1
코레일 예약 꿀팁 보관 - 더픽	1.0	1.0	0.0	0.0	(direct) / (none)	1
코레일톡 예약 방법 보관 - 더픽	1.0	1.0	0.0	0.0	(direct) / (none)	1
콜라겐 보관 - 더픽	1.0	1.0	0.0	0.0	(direct) / (none)	1
콜레스테롤 좋은음식 보관 - 더픽	1.0	1.0	0.0	0.0	(direct) / (none)	1
콜레스테롤수치 보관 - 더픽	1.0	1.0	0.0	0.0	(direct) / (none)	1
타이젬·피망·넷마블 바둑 정보 총정리 — 비교와 선택 가이드 | 주카 비즈	3.0	3.0	0.0	0.0	(not set) / cpc	3
타이젬바둑 보관 - 더픽	1.0	1.0	0.0	0.0	(direct) / (none)	1
타이젬바둑 설치 및 다운로드 방법 – 타이젬바둑 대국실 다운로드 - 더픽	1.0	1.0	0.0	0.0	(direct) / (none)	1
토정비결 보관 - 더픽	1.0	1.0	0.0	0.0	(direct) / (none)	1
통관번호 도용 보관 - 더픽	1.0	1.0	0.0	0.0	(direct) / (none)	1
통관알리미 유니패스 통관조회 방법 알아보자! 통관번호 확인 총정리 - 더픽	1.0	1.0	0.0	0.0	naver / cpc	1
퇴직 퇴사 건강보험료 지역가입자 전환 변동 신고 - 더픽	1.0	1.0	0.0	0.0	(direct) / (none)	1
퇴직 후 국민연금 수령 나이, 언제부터 받을 수 있을까? - 더픽	1.0	1.0	0.0	0.0	(direct) / (none)	1
퇴직연금 의무화 완전 정리! 퇴직금 vs 퇴직연금, 2025년 개편안 총정리 - 더픽	1.0	1.0	0.0	0.0	(direct) / (none)	1
퇴행성 관절염 보관 - 더픽	1.0	1.0	0.0	0.0	(direct) / (none)	1
투자일정 보관 - 더픽	1.0	1.0	0.0	0.0	(direct) / (none)	1
파킨슨병 초기증상, 놓치면 안 되는 신호들 - 더픽	1.0	1.0	0.0	0.0	(direct) / (none)	1
폐업지원금 신청하기 소상공인 개인사업자 사업자 자영업자 조건 - 더픽	1.0	1.0	0.0	0.0	(direct) / (none)	1
프로젝트 구텐베르크 보관 - 더픽	1.0	1.0	0.0	0.0	(direct) / (none)	1
프론트엔드 실무 자료실 | GamsGo Code	1.0	1.0	0.0	0.0	(direct) / (none)	1
프론트엔드 코드 리뷰 체크리스트: 버그를 줄이는 리뷰 기준 7가지 | Frontend Note	1.0	1.0	0.0	0.0	(direct) / (none)	1
하마치 다운로드 설치 바로가기 (가상 LAN ) - 더픽	1.0	1.0	0.0	0.0	naver_blog / organic	1
하이디라오 보관 - 더픽	1.0	1.0	0.0	0.0	(direct) / (none)	1
하이디라오꿀팁 보관 - 더픽	1.0	1.0	0.0	0.0	(direct) / (none)	1
해외렌트카 보관 - 더픽	1.0	1.0	0.0	0.0	(direct) / (none)	1
해외여행 보관 - 더픽	1.0	1.0	0.0	0.0	(direct) / (none)	1
해외운전 보관 - 더픽	1.0	1.0	0.0	0.0	(direct) / (none)	1
해외주식 보관 - 더픽	1.0	1.0	0.0	0.0	(direct) / (none)	1
행복주택 신청 자격 총정리 — 2026년 대상·소득기준·신청방법 | 주카 비즈	1.0	1.0	0.0	0.0	shield-ui.nsa-front-end.svc.pr1.io.navercorp.com / referral	1
허먼밀러에 대해 검색하였습니다 - 더픽	1.0	1.0	0.0	0.0	naver / organic	1
헤이카카오 해지 및 연결 끊기 | 카카오톡 개인정보 수집 불안하다면? - 더픽	1.0	1.0	0.0	0.0	(direct) / (none)	1
혈당측정 보관 - 더픽	1.0	1.0	0.0	0.0	(direct) / (none)	1
혈당측정하는 방법 보관 - 더픽	1.0	1.0	0.0	0.0	(direct) / (none)	1
혈당측정하는법 보관 - 더픽	1.0	1.0	0.0	0.0	(direct) / (none)	1
21st Century Grand Military Wife OTT Replay - The Pick	0.0	1.0	0.0	0	(direct) / (none)	1
CJ Logistics Parcel Tracking Customer Service Phone Number - The Pick	0.0	1.0	0.0	0	google / organic	1
Check the KMA Official Forecast for the 2026 Rainy Season - The Pick	0.0	1.0	0.0	0	(direct) / (none)	1
Complete Analysis of the Cultural Expense Income Deduction Website - The Pick	0.0	1.0	0.0	0	(direct) / (none)	1
Cómo ver el regreso en vivo de BTS 'ARIRANG' en Netflix - The Pick	0.0	1.0	0.0	0	(direct) / (none)	1
Daily Mass App Download - The Pick	0.0	1.0	0.0	0	google / organic	1
Direct Link to Apply for 2026 High Oil Price Damage Relief Fund & Livelihood Support Fund - The Pick	0.0	3.0	0.0	0	google / organic	1
Direct link to the Blue TV site address - The Pick	0.0	1.0	0.0	0	google / organic	1
Ena Schedule Go to On-Air - The Pick	0.0	4.0	0.0	0	google / organic	1
GS25 便利店包裹追踪 - The Pick	0.0	1.0	0.0	0	(direct) / (none)	1
GamsGo 优惠码 TA9Y3 - 4000 韩元起即可享受 YouTube Premium 会员资格	0.0	2.0	0.0	0	(direct) / (none)	1
Go directly to apply for Democratic Party of Korea membership - The Pick	0.0	3.0	0.0	0	google / organic	1
Go to 3rd Round Application for High Oil Price Support Funds and Livelihood Support Funds - The Pick	0.0	3.0	0.0	0	google / organic	1
Go to ALTools Installation & Download - The Pick	0.0	2.0	0.0	0	google / organic	1
Go to Dyson Customer Center - The Pick	0.0	2.0	0.0	0	google / organic	1
Go to Haskapberry Seedling Sales - The Pick	0.0	4.0	0.0	0	google / organic	1
Go to Non-face-to-face Account Opening - The Pick	0.0	2.0	0.0	0	google / organic	1
Government Subsidies & Refunds at a Glance | Blog Sitemap	0.0	1.0	0.0	0	taboola.lightning.force.com / referral	1
How to Register for Leveraged ETF Training: Fixing Order Issues in 5 Minutes - The Pick	0.0	1.0	0.0	0	google / organic	1
I Am Solo 31st Batch Instagram Compilation - The Pick	0.0	1.0	0.0	0	google / organic	1
LG Home Appliance Service Center Phone Numbers, Reservations, and Installation Relocation Summary - The Pick	0.0	1.0	0.0	0	google / organic	1
Manus AI Free 98% Discount App Download Link - The Pick	0.0	1.0	0.0	0	(direct) / (none)	1
Pokémon Run 2026 in Seoul Cancelled Tickets, Kits, Goods, Running - The Pick	0.0	1.0	0.0	0	(direct) / (none)	1
SKテリンクカスタマーセンターへのショートカット - ダピック	0.0	1.0	0.0	0	naver / organic	1
T-money Go App Download - The Pick	0.0	2.0	0.0	0	google / organic	1
ブルーティービー サイトアドレスリンクへのリンク - ザ・ピック	0.0	1.0	0.0	0	(direct) / (none)	1
前往 Hangeul 2024 免费安装下载方法 - The Pick	0.0	1.0	0.0	0	(direct) / (none)	1
我搜索了Gamsgo - The Pick	0.0	1.0	0.0	0	(direct) / (none)	1
我搜索了gamsgo - The Pick	0.0	1.0	0.0	0	ig / social	1
소개 | DevInsight	0.0	1.0	0.0	0	(direct) / (none)	1
소개 | GamsGo Code	0.0	1.0	0.0	0	(direct) / (none)	1
어디가니 늑구맵 바로가기 - https://zucca100.com/%ec%96%b4%eb%94%94%ea%b0%80%eb%8b%88-%eb%8a%91%ea%b5%ac%eb%a7%b5-%eb%b0%94%eb%a1%9c%ea%b0%80%ea%b8%b0/#google_vignette	0.0	1.0	0.0	0	(direct) / (none)	1
💤 마누스 ai 무료 98% 할인 앱 다운로드 바로가기 - 더픽	0.0	1.0	0.0	0	(direct) / (none)	1
